Day,Time,Sensor 1 CO2,Sensor 2 CO2,Day Type,n,Month
3-Apr,9:10,528.5,523.5,Hybrid,10,Spring
3-Apr,9:15,470.3,477.6,Hybrid,10,Spring
3-Apr,9:20,453,457.2,Hybrid,10,Spring
3-Apr,9:25,446.3,454.4,Hybrid,10,Spring
3-Apr,9:30,443.5,444.9,Hybrid,10,Spring
3-Apr,9:35,441.7,438.9,Hybrid,10,Spring
3-Apr,9:40,431.2,434.7,Hybrid,10,Spring
3-Apr,9:45,430.5,434.2,Hybrid,10,Spring
3-Apr,9:50,436.2,435.2,Hybrid,10,Spring
3-Apr,9:55,440.3,438.4,Hybrid,10,Spring
3-Apr,10:00,443.4,437,Hybrid,10,Spring
3-Apr,10:05,446.7,449.9,Hybrid,10,Spring
3-Apr,10:10,439.6,445.4,Hybrid,10,Spring
3-Apr,10:15,427.6,440.4,Hybrid,10,Spring
3-Apr,10:20,424.2,436.2,Hybrid,10,Spring
3-Apr,10:25,417.2,428.1,Hybrid,10,Spring
3-Apr,10:30,413.3,424,Hybrid,10,Spring
3-Apr,10:35,424.5,432.9,Hybrid,10,Spring
3-Apr,10:40,469.1,453.8,Hybrid,10,Spring
3-Apr,10:45,503.1,498.6,Hybrid,10,Spring
3-Apr,10:50,513.8,515.5,Hybrid,10,Spring
3-Apr,10:55,506.9,503.4,Hybrid,10,Spring
3-Apr,11:00,537.8,522.7,Hybrid,10,Spring
3-Apr,11:05,557.6,544.9,Hybrid,10,Spring
3-Apr,11:10,577.3,577.6,Hybrid,10,Spring
3-Apr,11:15,590.9,590.2,Hybrid,10,Spring
3-Apr,11:20,595.1,594.1,Hybrid,10,Spring
3-Apr,11:25,608.7,610.8,Hybrid,10,Spring
3-Apr,11:30,628.1,626.8,Hybrid,10,Spring
3-Apr,11:35,647.4,640.8,Hybrid,10,Spring
3-Apr,11:40,660.9,651.3,Hybrid,10,Spring
3-Apr,11:45,673.8,655.2,Hybrid,10,Spring
3-Apr,11:50,694.8,666.6,Hybrid,10,Spring
3-Apr,11:55,714.8,689.2,Hybrid,10,Spring
3-Apr,12:00,740.3,712.5,Hybrid,10,Spring
3-Apr,12:05,772.7,734.4,Hybrid,10,Spring
3-Apr,12:10,797.3,757.3,Hybrid,10,Spring
3-Apr,12:15,811.8,774.7,Hybrid,10,Spring
3-Apr,12:20,822.1,789.8,Hybrid,10,Spring
3-Apr,12:25,831.1,828.5,Hybrid,10,Spring
3-Apr,12:30,885.6,869.1,Hybrid,10,Spring
3-Apr,12:35,922.6,894.4,Hybrid,10,Spring
3-Apr,12:40,937.5,890.6,Hybrid,10,Spring
3-Apr,12:45,993.2,912.3,Hybrid,10,Spring
3-Apr,12:50,999.7,935.3,Hybrid,10,Spring
3-Apr,12:55,1003.7,924.2,Hybrid,10,Spring
3-Apr,13:00,970.4,908.1,Hybrid,10,Spring
3-Apr,13:05,935.7,894.4,Hybrid,10,Spring
3-Apr,13:10,912.1,887.3,Hybrid,10,Spring
3-Apr,13:15,906.1,886,Hybrid,10,Spring
3-Apr,13:20,900.3,882.3,Hybrid,10,Spring
3-Apr,13:25,898,889.9,Hybrid,10,Spring
3-Apr,13:30,904.4,906.9,Hybrid,10,Spring
3-Apr,13:35,907,901.9,Hybrid,10,Spring
3-Apr,13:40,885.8,887.4,Hybrid,10,Spring
3-Apr,13:45,881.8,861.7,Hybrid,10,Spring
3-Apr,13:50,884.4,864.9,Hybrid,10,Spring
3-Apr,13:55,904.4,876.7,Hybrid,10,Spring
3-Apr,14:00,920.8,896.3,Hybrid,10,Spring
3-Apr,14:05,910.9,885.9,Hybrid,10,Spring
3-Apr,14:10,898.3,887.5,Hybrid,10,Spring
3-Apr,14:15,903.5,888.5,Hybrid,10,Spring
3-Apr,14:20,893.6,874.6,Hybrid,10,Spring
3-Apr,14:25,883.9,856.7,Hybrid,10,Spring
3-Apr,14:30,877.2,843.7,Hybrid,10,Spring
3-Apr,14:35,876.9,847,Hybrid,10,Spring
3-Apr,14:40,885.3,854.9,Hybrid,10,Spring
3-Apr,14:45,895.6,854,Hybrid,10,Spring
3-Apr,14:50,897,849.5,Hybrid,10,Spring
3-Apr,14:55,881.3,834.7,Hybrid,10,Spring
3-Apr,15:00,887.8,851.4,Hybrid,10,Spring
3-Apr,15:05,897.4,878.2,Hybrid,10,Spring
3-Apr,15:10,891.8,881.5,Hybrid,10,Spring
3-Apr,15:15,889.3,861.8,Hybrid,10,Spring
3-Apr,15:20,870.9,844.3,Hybrid,10,Spring
3-Apr,15:25,881.2,869.1,Hybrid,10,Spring
3-Apr,15:30,887.2,870.8,Hybrid,10,Spring
3-Apr,15:35,882,855.2,Hybrid,10,Spring
3-Apr,15:40,882.2,864,Hybrid,10,Spring
3-Apr,15:45,892.9,872.6,Hybrid,10,Spring
3-Apr,15:50,911.3,876.4,Hybrid,10,Spring
3-Apr,15:55,923,878.5,Hybrid,10,Spring
3-Apr,16:00,911.9,859.3,Hybrid,10,Spring
3-Apr,16:05,897.4,851.1,Hybrid,10,Spring
3-Apr,16:10,909.2,890.9,Hybrid,10,Spring
3-Apr,16:15,922.5,902.9,Hybrid,10,Spring
3-Apr,16:20,938.7,899.6,Hybrid,10,Spring
3-Apr,16:25,921,865.4,Hybrid,10,Spring
3-Apr,16:30,906.1,872.3,Hybrid,10,Spring
3-Apr,16:35,904.4,899.8,Hybrid,10,Spring
3-Apr,16:40,909.3,892.5,Hybrid,10,Spring
3-Apr,16:45,911,877.8,Hybrid,10,Spring
3-Apr,16:50,877.6,838,Hybrid,10,Spring
3-Apr,16:55,894,857.8,Hybrid,10,Spring
3-Apr,17:00,890.5,865.5,Hybrid,10,Spring
4-Apr,9:10,496.9,463.5,Anchor,15,Spring
4-Apr,9:15,509.6,483.7,Anchor,15,Spring
4-Apr,9:20,519.4,493.5,Anchor,15,Spring
4-Apr,9:25,531.2,505.7,Anchor,15,Spring
4-Apr,9:30,544.8,525,Anchor,15,Spring
4-Apr,9:35,558.8,534.3,Anchor,15,Spring
4-Apr,9:40,568,540.7,Anchor,15,Spring
4-Apr,9:45,576.3,554.8,Anchor,15,Spring
4-Apr,9:50,586.9,565.2,Anchor,15,Spring
4-Apr,9:55,595.5,572.4,Anchor,15,Spring
4-Apr,10:00,608.9,580,Anchor,15,Spring
4-Apr,10:05,626.4,596.5,Anchor,15,Spring
4-Apr,10:10,674.2,631.7,Anchor,15,Spring
4-Apr,10:15,689.8,666.7,Anchor,15,Spring
4-Apr,10:20,697.3,678.4,Anchor,15,Spring
4-Apr,10:25,709.7,699.4,Anchor,15,Spring
4-Apr,10:30,729.2,723.9,Anchor,15,Spring
4-Apr,10:35,745.8,736.6,Anchor,15,Spring
4-Apr,10:40,762.3,759.5,Anchor,15,Spring
4-Apr,10:45,772.9,775.2,Anchor,15,Spring
4-Apr,10:50,774.1,776.7,Anchor,15,Spring
4-Apr,10:55,773.2,775.4,Anchor,15,Spring
4-Apr,11:00,779.5,790.1,Anchor,15,Spring
4-Apr,11:05,817.3,811.1,Anchor,15,Spring
4-Apr,11:10,837.4,818.8,Anchor,15,Spring
4-Apr,11:15,860.9,841.7,Anchor,15,Spring
4-Apr,11:20,878,863.3,Anchor,15,Spring
4-Apr,11:25,895.1,872.7,Anchor,15,Spring
4-Apr,11:30,913.9,887.5,Anchor,15,Spring
4-Apr,11:35,919.2,900.5,Anchor,15,Spring
4-Apr,11:40,922.3,906.7,Anchor,15,Spring
4-Apr,11:45,923.6,919.4,Anchor,15,Spring
4-Apr,11:50,922.5,920.6,Anchor,15,Spring
4-Apr,11:55,950.2,934.6,Anchor,15,Spring
4-Apr,12:00,996.8,969.2,Anchor,15,Spring
4-Apr,12:05,1005.5,995.6,Anchor,15,Spring
4-Apr,12:10,1013.2,1000.6,Anchor,15,Spring
4-Apr,12:15,1010.3,1007,Anchor,15,Spring
4-Apr,12:20,1005.2,1001.4,Anchor,15,Spring
4-Apr,12:25,1014.8,1008.7,Anchor,15,Spring
4-Apr,12:30,1048.9,1022.1,Anchor,15,Spring
4-Apr,12:35,1070,1062.1,Anchor,15,Spring
4-Apr,12:40,1101.4,1085.2,Anchor,15,Spring
4-Apr,12:45,1130.1,1091.8,Anchor,15,Spring
4-Apr,12:50,1124.1,1078.5,Anchor,15,Spring
4-Apr,12:55,1103.6,1065.5,Anchor,15,Spring
4-Apr,13:00,1077.5,1050.1,Anchor,15,Spring
4-Apr,13:05,1063.2,1044.6,Anchor,15,Spring
4-Apr,13:10,1056,1041.6,Anchor,15,Spring
4-Apr,13:15,1072.3,1045.7,Anchor,15,Spring
4-Apr,13:20,1113,1082.4,Anchor,15,Spring
4-Apr,13:25,1176.4,1117.5,Anchor,15,Spring
4-Apr,13:30,1220.5,1155.7,Anchor,15,Spring
4-Apr,13:35,1232,1167.7,Anchor,15,Spring
4-Apr,13:40,1237.9,1147.2,Anchor,15,Spring
4-Apr,13:45,1205.3,1134,Anchor,15,Spring
4-Apr,13:50,1158.1,1115.7,Anchor,15,Spring
4-Apr,13:55,1119.2,1116.1,Anchor,15,Spring
4-Apr,14:00,1095.2,1098.4,Anchor,15,Spring
4-Apr,14:05,1074.5,1084.7,Anchor,15,Spring
4-Apr,14:10,1071,1093.7,Anchor,15,Spring
4-Apr,14:15,1081.5,1086,Anchor,15,Spring
4-Apr,14:20,1071.3,1079.7,Anchor,15,Spring
4-Apr,14:25,1067.6,1091.5,Anchor,15,Spring
4-Apr,14:30,1075,1096.5,Anchor,15,Spring
4-Apr,14:35,1094.8,1092.8,Anchor,15,Spring
4-Apr,14:40,1093.6,1087.5,Anchor,15,Spring
4-Apr,14:45,1071.8,1083.6,Anchor,15,Spring
4-Apr,14:50,1050.9,1073.9,Anchor,15,Spring
4-Apr,14:55,1041.3,1060.8,Anchor,15,Spring
4-Apr,15:00,1031.7,1057.3,Anchor,15,Spring
4-Apr,15:05,1033.5,1059.1,Anchor,15,Spring
4-Apr,15:10,1033.9,1037.2,Anchor,15,Spring
4-Apr,15:15,1031.5,1038.7,Anchor,15,Spring
4-Apr,15:20,1019.2,1044.7,Anchor,15,Spring
4-Apr,15:25,1017.5,1043.1,Anchor,15,Spring
4-Apr,15:30,1013.6,1043.2,Anchor,15,Spring
4-Apr,15:35,1011.6,1035.8,Anchor,15,Spring
4-Apr,15:40,1003.7,1028.3,Anchor,15,Spring
4-Apr,15:45,998.2,1020.2,Anchor,15,Spring
4-Apr,15:50,1020.6,1036,Anchor,15,Spring
4-Apr,15:55,1051.8,1051.4,Anchor,15,Spring
4-Apr,16:00,1054.7,1063.3,Anchor,15,Spring
4-Apr,16:05,1041.8,1049.1,Anchor,15,Spring
4-Apr,16:10,1032.3,1036.7,Anchor,15,Spring
4-Apr,16:15,1026.6,1038.3,Anchor,15,Spring
4-Apr,16:20,1019,1036.3,Anchor,15,Spring
4-Apr,16:25,1014.2,1022.9,Anchor,15,Spring
4-Apr,16:30,1008.8,1024.1,Anchor,15,Spring
4-Apr,16:35,1012,1014.9,Anchor,15,Spring
4-Apr,16:40,1005.4,1005.5,Anchor,15,Spring
4-Apr,16:45,1004.2,1003,Anchor,15,Spring
4-Apr,16:50,997.5,986.6,Anchor,15,Spring
4-Apr,16:55,990.5,989.7,Anchor,15,Spring
4-Apr,17:00,991,989.4,Anchor,15,Spring
5-Apr,9:10,554,565.6,Anchor,18,Spring
5-Apr,9:15,569.8,579.8,Anchor,18,Spring
5-Apr,9:20,581.2,590.4,Anchor,18,Spring
5-Apr,9:25,589.3,602.7,Anchor,18,Spring
5-Apr,9:30,602.2,623.5,Anchor,18,Spring
5-Apr,9:35,623.4,632.1,Anchor,18,Spring
5-Apr,9:40,644.4,638.5,Anchor,18,Spring
5-Apr,9:45,651.4,650.3,Anchor,18,Spring
5-Apr,9:50,654,666,Anchor,18,Spring
5-Apr,9:55,668,679.8,Anchor,18,Spring
5-Apr,10:00,681,682.5,Anchor,18,Spring
5-Apr,10:05,687.5,693.1,Anchor,18,Spring
5-Apr,10:10,703.7,707.9,Anchor,18,Spring
5-Apr,10:15,714.4,732.7,Anchor,18,Spring
5-Apr,10:20,728.3,753.8,Anchor,18,Spring
5-Apr,10:25,750.2,765.3,Anchor,18,Spring
5-Apr,10:30,749.5,779.4,Anchor,18,Spring
5-Apr,10:35,749.4,784.7,Anchor,18,Spring
5-Apr,10:40,758.3,784.4,Anchor,18,Spring
5-Apr,10:45,767.8,796.8,Anchor,18,Spring
5-Apr,10:50,769,810.2,Anchor,18,Spring
5-Apr,10:55,776.9,815,Anchor,18,Spring
5-Apr,11:00,795.9,832.7,Anchor,18,Spring
5-Apr,11:05,810.9,840,Anchor,18,Spring
5-Apr,11:10,822.2,849,Anchor,18,Spring
5-Apr,11:15,854.2,879.1,Anchor,18,Spring
5-Apr,11:20,881.4,909.1,Anchor,18,Spring
5-Apr,11:25,919.6,950.2,Anchor,18,Spring
5-Apr,11:30,955,990.6,Anchor,18,Spring
5-Apr,11:35,986.1,1020.6,Anchor,18,Spring
5-Apr,11:40,1002.6,1038.8,Anchor,18,Spring
5-Apr,11:45,998.2,1037.6,Anchor,18,Spring
5-Apr,11:50,1003.7,1036.9,Anchor,18,Spring
5-Apr,11:55,1000.2,1043.4,Anchor,18,Spring
5-Apr,12:00,996.2,1046.8,Anchor,18,Spring
5-Apr,12:05,1003.1,1030.8,Anchor,18,Spring
5-Apr,12:10,1001.7,1029.8,Anchor,18,Spring
5-Apr,12:15,992.9,1025.4,Anchor,18,Spring
5-Apr,12:20,995.8,1027.4,Anchor,18,Spring
5-Apr,12:25,1001.2,1038.1,Anchor,18,Spring
5-Apr,12:30,1025.2,1061.4,Anchor,18,Spring
5-Apr,12:35,1145.6,1182,Anchor,18,Spring
5-Apr,12:40,1220.7,1290.1,Anchor,18,Spring
5-Apr,12:45,1245.8,1333.5,Anchor,18,Spring
5-Apr,12:50,1289.3,1342,Anchor,18,Spring
5-Apr,12:55,1350.3,1349.5,Anchor,18,Spring
5-Apr,13:00,1312,1297,Anchor,18,Spring
5-Apr,13:05,1244.6,1252.6,Anchor,18,Spring
5-Apr,13:10,1184.6,1181.6,Anchor,18,Spring
5-Apr,13:15,1133.6,1142.8,Anchor,18,Spring
5-Apr,13:20,1102.2,1123.7,Anchor,18,Spring
5-Apr,13:25,1063.1,1103.6,Anchor,18,Spring
5-Apr,13:30,1063.2,1081.4,Anchor,18,Spring
5-Apr,13:35,1068.2,1084.3,Anchor,18,Spring
5-Apr,13:40,1083.4,1087.1,Anchor,18,Spring
5-Apr,13:45,1100.9,1102.5,Anchor,18,Spring
5-Apr,13:50,1113.1,1120.3,Anchor,18,Spring
5-Apr,13:55,1124.6,1118.2,Anchor,18,Spring
5-Apr,14:00,1130.5,1127.9,Anchor,18,Spring
5-Apr,14:05,1158.2,1152.7,Anchor,18,Spring
5-Apr,14:10,1209.9,1193.4,Anchor,18,Spring
5-Apr,14:15,1215.2,1255.2,Anchor,18,Spring
5-Apr,14:20,1216.7,1297,Anchor,18,Spring
5-Apr,14:25,1234,1285.4,Anchor,18,Spring
5-Apr,14:30,1263,1286,Anchor,18,Spring
5-Apr,14:35,1283.4,1301.4,Anchor,18,Spring
5-Apr,14:40,1306.3,1336.3,Anchor,18,Spring
5-Apr,14:45,1304.4,1338.7,Anchor,18,Spring
5-Apr,14:50,1300.4,1335.1,Anchor,18,Spring
5-Apr,14:55,1291.4,1356.7,Anchor,18,Spring
5-Apr,15:00,1316.8,1373.3,Anchor,18,Spring
5-Apr,15:05,1316.5,1368.9,Anchor,18,Spring
5-Apr,15:10,1316.6,1373.2,Anchor,18,Spring
5-Apr,15:15,1351,1405.5,Anchor,18,Spring
5-Apr,15:20,1363,1431.1,Anchor,18,Spring
5-Apr,15:25,1376.4,1444,Anchor,18,Spring
5-Apr,15:30,1383.8,1458.9,Anchor,18,Spring
5-Apr,15:35,1396.2,1473.5,Anchor,18,Spring
5-Apr,15:40,1410.3,1488,Anchor,18,Spring
5-Apr,15:45,1419.7,1505.6,Anchor,18,Spring
5-Apr,15:50,1436.1,1508.1,Anchor,18,Spring
5-Apr,15:55,1457.7,1508.7,Anchor,18,Spring
5-Apr,16:00,1475.3,1517.9,Anchor,18,Spring
5-Apr,16:05,1465.8,1518.8,Anchor,18,Spring
5-Apr,16:10,1458.5,1513.3,Anchor,18,Spring
5-Apr,16:15,1448.3,1507.3,Anchor,18,Spring
5-Apr,16:20,1449.5,1507.1,Anchor,18,Spring
5-Apr,16:25,1450.6,1494.2,Anchor,18,Spring
5-Apr,16:30,1435.8,1476.4,Anchor,18,Spring
5-Apr,16:35,1428.3,1469.8,Anchor,18,Spring
5-Apr,16:40,1420.8,1459.3,Anchor,18,Spring
5-Apr,16:45,1407.3,1445,Anchor,18,Spring
5-Apr,16:50,1382.1,1426.7,Anchor,18,Spring
5-Apr,16:55,1370,1416.8,Anchor,18,Spring
5-Apr,17:00,1357.4,1411.5,Anchor,18,Spring
6-Apr,9:10,517.3,500.9,Hybrid,13,Spring
6-Apr,9:15,524.9,507,Hybrid,13,Spring
6-Apr,9:20,531.6,514,Hybrid,13,Spring
6-Apr,9:25,535.4,518.4,Hybrid,13,Spring
6-Apr,9:30,542.3,525.7,Hybrid,13,Spring
6-Apr,9:35,552.1,531.5,Hybrid,13,Spring
6-Apr,9:40,558,544.8,Hybrid,13,Spring
6-Apr,9:45,565.8,562.3,Hybrid,13,Spring
6-Apr,9:50,582,574.1,Hybrid,13,Spring
6-Apr,9:55,608.3,593.9,Hybrid,13,Spring
6-Apr,10:00,616.7,602.9,Hybrid,13,Spring
6-Apr,10:05,631.8,620.2,Hybrid,13,Spring
6-Apr,10:10,647.2,635.2,Hybrid,13,Spring
6-Apr,10:15,656.1,649.6,Hybrid,13,Spring
6-Apr,10:20,684.1,679.3,Hybrid,13,Spring
6-Apr,10:25,693.7,696.9,Hybrid,13,Spring
6-Apr,10:30,689.1,686.2,Hybrid,13,Spring
6-Apr,10:35,685.7,670,Hybrid,13,Spring
6-Apr,10:40,684.6,653.2,Hybrid,13,Spring
6-Apr,10:45,689.7,648.8,Hybrid,13,Spring
6-Apr,10:50,701.6,662.4,Hybrid,13,Spring
6-Apr,10:55,704.6,673,Hybrid,13,Spring
6-Apr,11:00,706.5,685.5,Hybrid,13,Spring
6-Apr,11:05,704.6,697,Hybrid,13,Spring
6-Apr,11:10,706.8,712.6,Hybrid,13,Spring
6-Apr,11:15,707.9,711.6,Hybrid,13,Spring
6-Apr,11:20,710.9,716.5,Hybrid,13,Spring
6-Apr,11:25,711,723.5,Hybrid,13,Spring
6-Apr,11:30,706,721.1,Hybrid,13,Spring
6-Apr,11:35,704.3,722,Hybrid,13,Spring
6-Apr,11:40,706.4,723.9,Hybrid,13,Spring
6-Apr,11:45,706.3,729.8,Hybrid,13,Spring
6-Apr,11:50,707.3,729.2,Hybrid,13,Spring
6-Apr,11:55,708,733.7,Hybrid,13,Spring
6-Apr,12:00,711.6,737.6,Hybrid,13,Spring
6-Apr,12:05,708.3,740,Hybrid,13,Spring
6-Apr,12:10,714.9,744.9,Hybrid,13,Spring
6-Apr,12:15,746,760.1,Hybrid,13,Spring
6-Apr,12:20,764.1,781.1,Hybrid,13,Spring
6-Apr,12:25,762.7,786,Hybrid,13,Spring
6-Apr,12:30,769.2,799.7,Hybrid,13,Spring
6-Apr,12:35,780,817.3,Hybrid,13,Spring
6-Apr,12:40,787.8,833.5,Hybrid,13,Spring
6-Apr,12:45,792.3,839.9,Hybrid,13,Spring
6-Apr,12:50,801.6,845.2,Hybrid,13,Spring
6-Apr,12:55,807.7,859.5,Hybrid,13,Spring
6-Apr,13:00,827.3,876.4,Hybrid,13,Spring
6-Apr,13:05,870.9,923.4,Hybrid,13,Spring
6-Apr,13:10,943.2,974.8,Hybrid,13,Spring
6-Apr,13:15,1002.3,1007.7,Hybrid,13,Spring
6-Apr,13:20,1042.1,1034.9,Hybrid,13,Spring
6-Apr,13:25,1011.7,1055.9,Hybrid,13,Spring
6-Apr,13:30,990.1,1057.8,Hybrid,13,Spring
6-Apr,13:35,1001.6,1061.7,Hybrid,13,Spring
6-Apr,13:40,1003.6,1074.2,Hybrid,13,Spring
6-Apr,13:45,1006.3,1081.9,Hybrid,13,Spring
6-Apr,13:50,1010.3,1083.9,Hybrid,13,Spring
6-Apr,13:55,1012.6,1094.7,Hybrid,13,Spring
6-Apr,14:00,1027.5,1104.4,Hybrid,13,Spring
6-Apr,14:05,1041,1125.7,Hybrid,13,Spring
6-Apr,14:10,1057.5,1157.1,Hybrid,13,Spring
6-Apr,14:15,1050.9,1159.7,Hybrid,13,Spring
6-Apr,14:20,1059.2,1174.1,Hybrid,13,Spring
6-Apr,14:25,1086,1193.7,Hybrid,13,Spring
6-Apr,14:30,1102.9,1208,Hybrid,13,Spring
6-Apr,14:35,1109.4,1207.5,Hybrid,13,Spring
6-Apr,14:40,1113,1233.1,Hybrid,13,Spring
6-Apr,14:45,NA,1239.2,Hybrid,13,Spring
6-Apr,14:50,1073.3,1224.2,Hybrid,13,Spring
6-Apr,14:55,1091.3,1246.5,Hybrid,13,Spring
6-Apr,15:00,1104.4,1250.6,Hybrid,13,Spring
6-Apr,15:05,1128.9,1240.9,Hybrid,13,Spring
6-Apr,15:10,1132.4,1229,Hybrid,13,Spring
6-Apr,15:15,1134.3,1220,Hybrid,13,Spring
6-Apr,15:20,1129.5,1248.8,Hybrid,13,Spring
6-Apr,15:25,1125,1255.7,Hybrid,13,Spring
6-Apr,15:30,1144.9,1245.4,Hybrid,13,Spring
6-Apr,15:35,1144.6,1228.4,Hybrid,13,Spring
6-Apr,15:40,1147.2,1238.9,Hybrid,13,Spring
6-Apr,15:45,1130.7,1251.1,Hybrid,13,Spring
6-Apr,15:50,1124.7,1261.4,Hybrid,13,Spring
6-Apr,15:55,1131.3,1236.6,Hybrid,13,Spring
6-Apr,16:00,1146.8,1229.4,Hybrid,13,Spring
6-Apr,16:05,1156.8,1242.5,Hybrid,13,Spring
6-Apr,16:10,1161.4,1243.6,Hybrid,13,Spring
6-Apr,16:15,1163,1234.2,Hybrid,13,Spring
6-Apr,16:20,1154.5,1220.4,Hybrid,13,Spring
6-Apr,16:25,1151.8,1212.7,Hybrid,13,Spring
6-Apr,16:30,1147.2,1213,Hybrid,13,Spring
6-Apr,16:35,1144.7,1218.8,Hybrid,13,Spring
6-Apr,16:40,1144.2,1208.7,Hybrid,13,Spring
6-Apr,16:45,1135.8,1200.1,Hybrid,13,Spring
6-Apr,16:50,1135.6,1199.7,Hybrid,13,Spring
6-Apr,16:55,1139.4,1200.1,Hybrid,13,Spring
6-Apr,17:00,1141.6,1194.1,Hybrid,13,Spring
7-Aug,9:10,536,536.4,Hybrid,16,Summer
7-Aug,9:15,550.8,543,Hybrid,16,Summer
7-Aug,9:20,561.4,551.2,Hybrid,16,Summer
7-Aug,9:25,562.8,554.6,Hybrid,16,Summer
7-Aug,9:30,566,565,Hybrid,16,Summer
7-Aug,9:35,570.2,577.2,Hybrid,16,Summer
7-Aug,9:40,581,577.4,Hybrid,16,Summer
7-Aug,9:45,585.8,577.8,Hybrid,16,Summer
7-Aug,9:50,595,580.6,Hybrid,16,Summer
7-Aug,9:55,596.8,587.8,Hybrid,16,Summer
7-Aug,10:00,606.8,600.4,Hybrid,16,Summer
7-Aug,10:05,614.8,601,Hybrid,16,Summer
7-Aug,10:10,604,597.4,Hybrid,16,Summer
7-Aug,10:15,597.4,597,Hybrid,16,Summer
7-Aug,10:20,605.6,598,Hybrid,16,Summer
7-Aug,10:25,619.2,609.2,Hybrid,16,Summer
7-Aug,10:30,624.8,616.6,Hybrid,16,Summer
7-Aug,10:35,622.6,616.6,Hybrid,16,Summer
7-Aug,10:40,626.4,618,Hybrid,16,Summer
7-Aug,10:45,641,635.8,Hybrid,16,Summer
7-Aug,10:50,648,642.2,Hybrid,16,Summer
7-Aug,10:55,633.4,639.8,Hybrid,16,Summer
7-Aug,11:00,634.8,639,Hybrid,16,Summer
7-Aug,11:05,644.2,644,Hybrid,16,Summer
7-Aug,11:10,651.8,644.6,Hybrid,16,Summer
7-Aug,11:15,629.6,633.2,Hybrid,16,Summer
7-Aug,11:20,625.6,626.8,Hybrid,16,Summer
7-Aug,11:25,628.8,632.6,Hybrid,16,Summer
7-Aug,11:30,639.8,643.6,Hybrid,16,Summer
7-Aug,11:35,663.6,656.2,Hybrid,16,Summer
7-Aug,11:40,667,653,Hybrid,16,Summer
7-Aug,11:45,652.4,654.8,Hybrid,16,Summer
7-Aug,11:50,671.6,664,Hybrid,16,Summer
7-Aug,11:55,677.6,673.8,Hybrid,16,Summer
7-Aug,12:00,669.8,665.4,Hybrid,16,Summer
7-Aug,12:05,669.8,658.6,Hybrid,16,Summer
7-Aug,12:10,669,660,Hybrid,16,Summer
7-Aug,12:15,678.8,662,Hybrid,16,Summer
7-Aug,12:20,658.2,650,Hybrid,16,Summer
7-Aug,12:25,667.8,663.8,Hybrid,16,Summer
7-Aug,12:30,702.4,743.8,Hybrid,16,Summer
7-Aug,12:35,725,747.6,Hybrid,16,Summer
7-Aug,12:40,721.4,725,Hybrid,16,Summer
7-Aug,12:45,713.4,734,Hybrid,16,Summer
7-Aug,12:50,764.6,800.8,Hybrid,16,Summer
7-Aug,12:55,777,810.8,Hybrid,16,Summer
7-Aug,13:00,754.4,753.6,Hybrid,16,Summer
7-Aug,13:05,717.2,709.6,Hybrid,16,Summer
7-Aug,13:10,700.4,692.4,Hybrid,16,Summer
7-Aug,13:15,694.4,688.4,Hybrid,16,Summer
7-Aug,13:20,670.4,667.6,Hybrid,16,Summer
7-Aug,13:25,653.2,644,Hybrid,16,Summer
7-Aug,13:30,641.6,636,Hybrid,16,Summer
7-Aug,13:35,648.2,639.2,Hybrid,16,Summer
7-Aug,13:40,661.2,646.8,Hybrid,16,Summer
7-Aug,13:45,664.6,645.4,Hybrid,16,Summer
7-Aug,13:50,678,652.4,Hybrid,16,Summer
7-Aug,13:55,664.8,658.8,Hybrid,16,Summer
7-Aug,14:00,673.2,670.2,Hybrid,16,Summer
7-Aug,14:05,681.4,674.6,Hybrid,16,Summer
7-Aug,14:10,690.4,671.8,Hybrid,16,Summer
7-Aug,14:15,683,677.4,Hybrid,16,Summer
7-Aug,14:20,686.2,674.8,Hybrid,16,Summer
7-Aug,14:25,687.8,669.8,Hybrid,16,Summer
7-Aug,14:30,665.2,656.6,Hybrid,16,Summer
7-Aug,14:35,644.6,662.8,Hybrid,16,Summer
7-Aug,14:40,650.2,656.2,Hybrid,16,Summer
7-Aug,14:45,678.8,653.8,Hybrid,16,Summer
7-Aug,14:50,660,645.6,Hybrid,16,Summer
7-Aug,14:55,648.8,649.8,Hybrid,16,Summer
7-Aug,15:00,667,655.8,Hybrid,16,Summer
7-Aug,15:05,668,659.2,Hybrid,16,Summer
7-Aug,15:10,661.8,655.4,Hybrid,16,Summer
7-Aug,15:15,641,643.8,Hybrid,16,Summer
7-Aug,15:20,648.6,645.8,Hybrid,16,Summer
7-Aug,15:25,661,649.6,Hybrid,16,Summer
7-Aug,15:30,654.6,655.6,Hybrid,16,Summer
7-Aug,15:35,640.2,641.6,Hybrid,16,Summer
7-Aug,15:40,645,641.8,Hybrid,16,Summer
7-Aug,15:45,656,644.6,Hybrid,16,Summer
7-Aug,15:50,661.4,652.6,Hybrid,16,Summer
7-Aug,15:55,646.8,646.8,Hybrid,16,Summer
7-Aug,16:00,632.2,642.8,Hybrid,16,Summer
7-Aug,16:05,640.4,638.8,Hybrid,16,Summer
7-Aug,16:10,638.2,649.4,Hybrid,16,Summer
7-Aug,16:15,645.2,646.6,Hybrid,16,Summer
7-Aug,16:20,635.2,636.8,Hybrid,16,Summer
7-Aug,16:25,621.6,642,Hybrid,16,Summer
7-Aug,16:30,627,642.4,Hybrid,16,Summer
7-Aug,16:35,641.2,645,Hybrid,16,Summer
7-Aug,16:40,629.8,634,Hybrid,16,Summer
7-Aug,16:45,617,628.4,Hybrid,16,Summer
7-Aug,16:50,616.4,626.6,Hybrid,16,Summer
7-Aug,16:55,626,627,Hybrid,16,Summer
7-Aug,17:00,639.2,625.8,Hybrid,16,Summer
8-Aug,9:10,525.6,526.8,Anchor,20,Summer
8-Aug,9:15,530.6,531.2,Anchor,20,Summer
8-Aug,9:20,545.4,545.4,Anchor,20,Summer
8-Aug,9:25,577.2,565,Anchor,20,Summer
8-Aug,9:30,588.4,571.8,Anchor,20,Summer
8-Aug,9:35,569.6,574.8,Anchor,20,Summer
8-Aug,9:40,576,589.2,Anchor,20,Summer
8-Aug,9:45,592.2,611.6,Anchor,20,Summer
8-Aug,9:50,602.6,622,Anchor,20,Summer
8-Aug,9:55,614,616.6,Anchor,20,Summer
8-Aug,10:00,608.4,612.6,Anchor,20,Summer
8-Aug,10:05,611.8,613.8,Anchor,20,Summer
8-Aug,10:10,631,616.8,Anchor,20,Summer
8-Aug,10:15,647.6,630.2,Anchor,20,Summer
8-Aug,10:20,654,651.8,Anchor,20,Summer
8-Aug,10:25,668,659.8,Anchor,20,Summer
8-Aug,10:30,682.2,661.2,Anchor,20,Summer
8-Aug,10:35,664.8,662.6,Anchor,20,Summer
8-Aug,10:40,680.4,671.8,Anchor,20,Summer
8-Aug,10:45,685.6,685.8,Anchor,20,Summer
8-Aug,10:50,686.4,688.4,Anchor,20,Summer
8-Aug,10:55,700.4,691.8,Anchor,20,Summer
8-Aug,11:00,727.6,707,Anchor,20,Summer
8-Aug,11:05,753.8,726.2,Anchor,20,Summer
8-Aug,11:10,759.4,741.4,Anchor,20,Summer
8-Aug,11:15,767.6,754.4,Anchor,20,Summer
8-Aug,11:20,767.2,751.8,Anchor,20,Summer
8-Aug,11:25,767,750.6,Anchor,20,Summer
8-Aug,11:30,761.2,745.8,Anchor,20,Summer
8-Aug,11:35,771.6,758.6,Anchor,20,Summer
8-Aug,11:40,771.6,751.2,Anchor,20,Summer
8-Aug,11:45,771.4,747.4,Anchor,20,Summer
8-Aug,11:50,763.6,740.6,Anchor,20,Summer
8-Aug,11:55,778,750.8,Anchor,20,Summer
8-Aug,12:00,780.6,752.8,Anchor,20,Summer
8-Aug,12:05,787.4,763.6,Anchor,20,Summer
8-Aug,12:10,786.2,763.8,Anchor,20,Summer
8-Aug,12:15,807.8,786.4,Anchor,20,Summer
8-Aug,12:20,828.8,802.2,Anchor,20,Summer
8-Aug,12:25,831.6,800.4,Anchor,20,Summer
8-Aug,12:30,821.6,794.8,Anchor,20,Summer
8-Aug,12:35,827.2,807.6,Anchor,20,Summer
8-Aug,12:40,854.8,831.4,Anchor,20,Summer
8-Aug,12:45,845.4,818.4,Anchor,20,Summer
8-Aug,12:50,846.6,823.8,Anchor,20,Summer
8-Aug,12:55,852.8,838.4,Anchor,20,Summer
8-Aug,13:00,879.2,855.8,Anchor,20,Summer
8-Aug,13:05,877,844.8,Anchor,20,Summer
8-Aug,13:10,852.8,820.2,Anchor,20,Summer
8-Aug,13:15,822.8,801.6,Anchor,20,Summer
8-Aug,13:20,819,807.4,Anchor,20,Summer
8-Aug,13:25,831.6,820.8,Anchor,20,Summer
8-Aug,13:30,853.6,832.8,Anchor,20,Summer
8-Aug,13:35,849.8,825.2,Anchor,20,Summer
8-Aug,13:40,841,823.2,Anchor,20,Summer
8-Aug,13:45,841.2,849,Anchor,20,Summer
8-Aug,13:50,879.4,868.4,Anchor,20,Summer
8-Aug,13:55,882.6,864.6,Anchor,20,Summer
8-Aug,14:00,865.6,846.2,Anchor,20,Summer
8-Aug,14:05,867,863.2,Anchor,20,Summer
8-Aug,14:10,852.8,875.2,Anchor,20,Summer
8-Aug,14:15,855.2,854,Anchor,20,Summer
8-Aug,14:20,831.2,818.6,Anchor,20,Summer
8-Aug,14:25,826.8,803.6,Anchor,20,Summer
8-Aug,14:30,827.2,814.4,Anchor,20,Summer
8-Aug,14:35,840.8,828.6,Anchor,20,Summer
8-Aug,14:40,836.8,812.4,Anchor,20,Summer
8-Aug,14:45,813.5,788.4,Anchor,20,Summer
8-Aug,14:50,811.6,790.4,Anchor,20,Summer
8-Aug,14:55,822.4,806.6,Anchor,20,Summer
8-Aug,15:00,844.2,824.6,Anchor,20,Summer
8-Aug,15:05,834.4,805.4,Anchor,20,Summer
8-Aug,15:10,813,785.8,Anchor,20,Summer
8-Aug,15:15,822.4,785.6,Anchor,20,Summer
8-Aug,15:20,825.4,796,Anchor,20,Summer
8-Aug,15:25,824,800.6,Anchor,20,Summer
8-Aug,15:30,808.2,780.6,Anchor,20,Summer
8-Aug,15:35,812.6,794.6,Anchor,20,Summer
8-Aug,15:40,850.4,836,Anchor,20,Summer
8-Aug,15:45,843.2,851.2,Anchor,20,Summer
8-Aug,15:50,829,825,Anchor,20,Summer
8-Aug,15:55,823.8,794.4,Anchor,20,Summer
8-Aug,16:00,817.2,789.2,Anchor,20,Summer
8-Aug,16:05,807,785.4,Anchor,20,Summer
8-Aug,16:10,801.2,798.6,Anchor,20,Summer
8-Aug,16:15,810.8,804,Anchor,20,Summer
8-Aug,16:20,819.8,791.6,Anchor,20,Summer
8-Aug,16:25,813.4,781.8,Anchor,20,Summer
8-Aug,16:30,813.6,802.2,Anchor,20,Summer
8-Aug,16:35,819.8,808.2,Anchor,20,Summer
8-Aug,16:40,818.4,796,Anchor,20,Summer
8-Aug,16:45,814.4,771.8,Anchor,20,Summer
8-Aug,16:50,788.2,748,Anchor,20,Summer
8-Aug,16:55,789.2,753.6,Anchor,20,Summer
8-Aug,17:00,790.6,770.6,Anchor,20,Summer
9-Aug,9:10,526.4,522.6,Anchor,23,Summer
9-Aug,9:15,546.2,541.4,Anchor,23,Summer
9-Aug,9:20,561.8,558,Anchor,23,Summer
9-Aug,9:25,566.4,560.6,Anchor,23,Summer
9-Aug,9:30,571,569,Anchor,23,Summer
9-Aug,9:35,589.4,584.2,Anchor,23,Summer
9-Aug,9:40,604.4,600.2,Anchor,23,Summer
9-Aug,9:45,616.8,608.8,Anchor,23,Summer
9-Aug,9:50,618.8,610.4,Anchor,23,Summer
9-Aug,9:55,630,618,Anchor,23,Summer
9-Aug,10:00,646.4,630.4,Anchor,23,Summer
9-Aug,10:05,652,645.8,Anchor,23,Summer
9-Aug,10:10,658.2,659,Anchor,23,Summer
9-Aug,10:15,669.8,662,Anchor,23,Summer
9-Aug,10:20,665.4,658.4,Anchor,23,Summer
9-Aug,10:25,667.8,661,Anchor,23,Summer
9-Aug,10:30,677.6,678.2,Anchor,23,Summer
9-Aug,10:35,679.6,687.8,Anchor,23,Summer
9-Aug,10:40,700.6,697.2,Anchor,23,Summer
9-Aug,10:45,702.2,695.2,Anchor,23,Summer
9-Aug,10:50,702.8,697,Anchor,23,Summer
9-Aug,10:55,705.2,700.4,Anchor,23,Summer
9-Aug,11:00,735,730.8,Anchor,23,Summer
9-Aug,11:05,788.2,761.6,Anchor,23,Summer
9-Aug,11:10,807.6,780.2,Anchor,23,Summer
9-Aug,11:15,820.6,797.4,Anchor,23,Summer
9-Aug,11:20,841.4,817.2,Anchor,23,Summer
9-Aug,11:25,846.4,849.8,Anchor,23,Summer
9-Aug,11:30,852.2,855,Anchor,23,Summer
9-Aug,11:35,841.6,829.6,Anchor,23,Summer
9-Aug,11:40,819.8,833.2,Anchor,23,Summer
9-Aug,11:45,821.8,857.2,Anchor,23,Summer
9-Aug,11:50,840.2,867.6,Anchor,23,Summer
9-Aug,11:55,858.8,857.4,Anchor,23,Summer
9-Aug,12:00,851.8,838,Anchor,23,Summer
9-Aug,12:05,844,852.2,Anchor,23,Summer
9-Aug,12:10,870,872.8,Anchor,23,Summer
9-Aug,12:15,911.4,895.4,Anchor,23,Summer
9-Aug,12:20,884,869.2,Anchor,23,Summer
9-Aug,12:25,856.8,853,Anchor,23,Summer
9-Aug,12:30,859.4,869.6,Anchor,23,Summer
9-Aug,12:35,877.2,882,Anchor,23,Summer
9-Aug,12:40,886.4,872.4,Anchor,23,Summer
9-Aug,12:45,888.4,859.6,Anchor,23,Summer
9-Aug,12:50,876,880.6,Anchor,23,Summer
9-Aug,12:55,890,896.2,Anchor,23,Summer
9-Aug,13:00,915.2,894.8,Anchor,23,Summer
9-Aug,13:05,917,889,Anchor,23,Summer
9-Aug,13:10,914,900,Anchor,23,Summer
9-Aug,13:15,906.4,916.2,Anchor,23,Summer
9-Aug,13:20,901.6,902,Anchor,23,Summer
9-Aug,13:25,870.2,851.8,Anchor,23,Summer
9-Aug,13:30,853.2,835.6,Anchor,23,Summer
9-Aug,13:35,848,858.4,Anchor,23,Summer
9-Aug,13:40,865.4,869.2,Anchor,23,Summer
9-Aug,13:45,861.5,840.4,Anchor,23,Summer
9-Aug,13:50,849.6,827.6,Anchor,23,Summer
9-Aug,13:55,864.2,838,Anchor,23,Summer
9-Aug,14:00,871,854.4,Anchor,23,Summer
9-Aug,14:05,870.2,841.6,Anchor,23,Summer
9-Aug,14:10,855.4,834.4,Anchor,23,Summer
9-Aug,14:15,867.4,849.2,Anchor,23,Summer
9-Aug,14:20,864.6,864.4,Anchor,23,Summer
9-Aug,14:25,862,850.4,Anchor,23,Summer
9-Aug,14:30,844.6,835.2,Anchor,23,Summer
9-Aug,14:35,853,843.4,Anchor,23,Summer
9-Aug,14:40,856.8,852,Anchor,23,Summer
9-Aug,14:45,871.6,858.2,Anchor,23,Summer
9-Aug,14:50,850,832.8,Anchor,23,Summer
9-Aug,14:55,835.8,827.4,Anchor,23,Summer
9-Aug,15:00,841.8,834.8,Anchor,23,Summer
9-Aug,15:05,853.2,852.6,Anchor,23,Summer
9-Aug,15:10,853.2,835.6,Anchor,23,Summer
9-Aug,15:15,833.6,823,Anchor,23,Summer
9-Aug,15:20,831.4,827.8,Anchor,23,Summer
9-Aug,15:25,847,842.4,Anchor,23,Summer
9-Aug,15:30,865,848.4,Anchor,23,Summer
9-Aug,15:35,847.8,826.6,Anchor,23,Summer
9-Aug,15:40,829.8,821.4,Anchor,23,Summer
9-Aug,15:45,832.6,821,Anchor,23,Summer
9-Aug,15:50,844.6,836.2,Anchor,23,Summer
9-Aug,15:55,835,813.2,Anchor,23,Summer
9-Aug,16:00,818.4,794.6,Anchor,23,Summer
9-Aug,16:05,818,796.8,Anchor,23,Summer
9-Aug,16:10,829,815.2,Anchor,23,Summer
9-Aug,16:15,835.4,806.4,Anchor,23,Summer
9-Aug,16:20,811.6,787.8,Anchor,23,Summer
9-Aug,16:25,804.6,795,Anchor,23,Summer
9-Aug,16:30,819.2,833.4,Anchor,23,Summer
9-Aug,16:35,854.6,834.2,Anchor,23,Summer
9-Aug,16:40,827.2,796,Anchor,23,Summer
9-Aug,16:45,814.6,794.2,Anchor,23,Summer
9-Aug,16:50,815.6,805.6,Anchor,23,Summer
9-Aug,16:55,837.4,826.4,Anchor,23,Summer
9-Aug,17:00,819.8,789.8,Anchor,23,Summer
10-Aug,9:10,495.4,509.2,Hybrid,19,Summer
10-Aug,9:15,495.4,514.2,Hybrid,19,Summer
10-Aug,9:20,504,518.6,Hybrid,19,Summer
10-Aug,9:25,517.6,533.4,Hybrid,19,Summer
10-Aug,9:30,534.2,541.2,Hybrid,19,Summer
10-Aug,9:35,543.8,535.4,Hybrid,19,Summer
10-Aug,9:40,556.4,549.2,Hybrid,19,Summer
10-Aug,9:45,566,555.2,Hybrid,19,Summer
10-Aug,9:50,571.2,559.2,Hybrid,19,Summer
10-Aug,9:55,572,565.2,Hybrid,19,Summer
10-Aug,10:00,572.8,575.3,Hybrid,19,Summer
10-Aug,10:05,581.6,587.4,Hybrid,19,Summer
10-Aug,10:10,590.4,590.4,Hybrid,19,Summer
10-Aug,10:15,595.2,584,Hybrid,19,Summer
10-Aug,10:20,602.2,591.8,Hybrid,19,Summer
10-Aug,10:25,602,605,Hybrid,19,Summer
10-Aug,10:30,590.6,603.8,Hybrid,19,Summer
10-Aug,10:35,598.8,606.6,Hybrid,19,Summer
10-Aug,10:40,617.6,609.4,Hybrid,19,Summer
10-Aug,10:45,619.2,602.2,Hybrid,19,Summer
10-Aug,10:50,615.6,600.4,Hybrid,19,Summer
10-Aug,10:55,619,604.4,Hybrid,19,Summer
10-Aug,11:00,638.2,628.2,Hybrid,19,Summer
10-Aug,11:05,654.6,646.6,Hybrid,19,Summer
10-Aug,11:10,647.8,635,Hybrid,19,Summer
10-Aug,11:15,648.4,651.6,Hybrid,19,Summer
10-Aug,11:20,672.2,672,Hybrid,19,Summer
10-Aug,11:25,677,675.4,Hybrid,19,Summer
10-Aug,11:30,685.2,674.4,Hybrid,19,Summer
10-Aug,11:35,678.8,669.4,Hybrid,19,Summer
10-Aug,11:40,694.8,685.2,Hybrid,19,Summer
10-Aug,11:45,700.2,688.6,Hybrid,19,Summer
10-Aug,11:50,691.8,692.8,Hybrid,19,Summer
10-Aug,11:55,695.6,678,Hybrid,19,Summer
10-Aug,12:00,688.4,671.8,Hybrid,19,Summer
10-Aug,12:05,685.6,682.6,Hybrid,19,Summer
10-Aug,12:10,696.8,679.2,Hybrid,19,Summer
10-Aug,12:15,698,687.4,Hybrid,19,Summer
10-Aug,12:20,694.2,687.2,Hybrid,19,Summer
10-Aug,12:25,685.8,692.4,Hybrid,19,Summer
10-Aug,12:30,714.6,706,Hybrid,19,Summer
10-Aug,12:35,757.4,742.8,Hybrid,19,Summer
10-Aug,12:40,764.8,742.2,Hybrid,19,Summer
10-Aug,12:45,743.8,725.6,Hybrid,19,Summer
10-Aug,12:50,747,729.6,Hybrid,19,Summer
10-Aug,12:55,766.2,760,Hybrid,19,Summer
10-Aug,13:00,802.4,785.4,Hybrid,19,Summer
10-Aug,13:05,793,764.8,Hybrid,19,Summer
10-Aug,13:10,762.4,739.4,Hybrid,19,Summer
10-Aug,13:15,749,750.4,Hybrid,19,Summer
10-Aug,13:20,779.2,762.6,Hybrid,19,Summer
10-Aug,13:25,797,761,Hybrid,19,Summer
10-Aug,13:30,770.4,731.6,Hybrid,19,Summer
10-Aug,13:35,748.4,716.6,Hybrid,19,Summer
10-Aug,13:40,759.8,737,Hybrid,19,Summer
10-Aug,13:45,785,760.4,Hybrid,19,Summer
10-Aug,13:50,752.6,717,Hybrid,19,Summer
10-Aug,13:55,725,690.8,Hybrid,19,Summer
10-Aug,14:00,726.8,700.4,Hybrid,19,Summer
10-Aug,14:05,738,718.6,Hybrid,19,Summer
10-Aug,14:10,724,698,Hybrid,19,Summer
10-Aug,14:15,700.6,672.8,Hybrid,19,Summer
10-Aug,14:20,696.6,670.6,Hybrid,19,Summer
10-Aug,14:25,696.2,671.6,Hybrid,19,Summer
10-Aug,14:30,693.6,668,Hybrid,19,Summer
10-Aug,14:35,681,647.4,Hybrid,19,Summer
10-Aug,14:40,674.2,650.6,Hybrid,19,Summer
10-Aug,14:45,694.8,669.8,Hybrid,19,Summer
10-Aug,14:50,709.8,687.8,Hybrid,19,Summer
10-Aug,14:55,710.4,675.2,Hybrid,19,Summer
10-Aug,15:00,696.8,663,Hybrid,19,Summer
10-Aug,15:05,697.6,665.6,Hybrid,19,Summer
10-Aug,15:10,710.6,674.6,Hybrid,19,Summer
10-Aug,15:15,711,669,Hybrid,19,Summer
10-Aug,15:20,689.4,651.6,Hybrid,19,Summer
10-Aug,15:25,681,645.6,Hybrid,19,Summer
10-Aug,15:30,689.4,653.4,Hybrid,19,Summer
10-Aug,15:35,691.2,656.8,Hybrid,19,Summer
10-Aug,15:40,682.4,644.2,Hybrid,19,Summer
10-Aug,15:45,674.4,640.6,Hybrid,19,Summer
10-Aug,15:50,685.6,641.2,Hybrid,19,Summer
10-Aug,15:55,689.6,647.6,Hybrid,19,Summer
10-Aug,16:00,687.2,649.8,Hybrid,19,Summer
10-Aug,16:05,678,648.6,Hybrid,19,Summer
10-Aug,16:10,687,655.4,Hybrid,19,Summer
10-Aug,16:15,695.4,655.6,Hybrid,19,Summer
10-Aug,16:20,695.2,661.8,Hybrid,19,Summer
10-Aug,16:25,688,656.6,Hybrid,19,Summer
10-Aug,16:30,686.8,656.2,Hybrid,19,Summer
10-Aug,16:35,688.4,654.8,Hybrid,19,Summer
10-Aug,16:40,685.8,652.6,Hybrid,19,Summer
10-Aug,16:45,681.6,646.8,Hybrid,19,Summer
10-Aug,16:50,673.6,647.4,Hybrid,19,Summer
10-Aug,16:55,680.8,657.4,Hybrid,19,Summer
10-Aug,17:00,676.2,657.2,Hybrid,19,Summer
11-Aug,9:10,532,523.4,Hybrid,16,Summer
11-Aug,9:15,540.8,528.2,Hybrid,16,Summer
11-Aug,9:20,561.6,531,Hybrid,16,Summer
11-Aug,9:25,598,539.6,Hybrid,16,Summer
11-Aug,9:30,583.6,555.6,Hybrid,16,Summer
11-Aug,9:35,591.6,571.4,Hybrid,16,Summer
11-Aug,9:40,596.6,578,Hybrid,16,Summer
11-Aug,9:45,588.4,575,Hybrid,16,Summer
11-Aug,9:50,598.4,574.8,Hybrid,16,Summer
11-Aug,9:55,619,581.2,Hybrid,16,Summer
11-Aug,10:00,627.2,599.2,Hybrid,16,Summer
11-Aug,10:05,634.6,616.4,Hybrid,16,Summer
11-Aug,10:10,626.2,607,Hybrid,16,Summer
11-Aug,10:15,619.4,601.6,Hybrid,16,Summer
11-Aug,10:20,627.6,608.8,Hybrid,16,Summer
11-Aug,10:25,637.8,623,Hybrid,16,Summer
11-Aug,10:30,645.6,624.6,Hybrid,16,Summer
11-Aug,10:35,645.6,622.8,Hybrid,16,Summer
11-Aug,10:40,652.8,623,Hybrid,16,Summer
11-Aug,10:45,668,638.8,Hybrid,16,Summer
11-Aug,10:50,679.2,644.2,Hybrid,16,Summer
11-Aug,10:55,693.8,651.6,Hybrid,16,Summer
11-Aug,11:00,687.8,644.4,Hybrid,16,Summer
11-Aug,11:05,690.6,655.4,Hybrid,16,Summer
11-Aug,11:10,701.4,676.2,Hybrid,16,Summer
11-Aug,11:15,690.2,672.8,Hybrid,16,Summer
11-Aug,11:20,693.6,670,Hybrid,16,Summer
11-Aug,11:25,686.2,657.2,Hybrid,16,Summer
11-Aug,11:30,695.4,665.8,Hybrid,16,Summer
11-Aug,11:35,684.8,665.6,Hybrid,16,Summer
11-Aug,11:40,691.2,668,Hybrid,16,Summer
11-Aug,11:45,707,671.4,Hybrid,16,Summer
11-Aug,11:50,704.4,677.8,Hybrid,16,Summer
11-Aug,11:55,713,687.6,Hybrid,16,Summer
11-Aug,12:00,722.2,693.6,Hybrid,16,Summer
11-Aug,12:05,736.2,704.4,Hybrid,16,Summer
11-Aug,12:10,743.6,694.8,Hybrid,16,Summer
11-Aug,12:15,772,701,Hybrid,16,Summer
11-Aug,12:20,741.6,717.6,Hybrid,16,Summer
11-Aug,12:25,738,710.4,Hybrid,16,Summer
11-Aug,12:30,721.8,697,Hybrid,16,Summer
11-Aug,12:35,748.6,715.5,Hybrid,16,Summer
11-Aug,12:40,752.4,746,Hybrid,16,Summer
11-Aug,12:45,737.8,744.2,Hybrid,16,Summer
11-Aug,12:50,740.6,719.4,Hybrid,16,Summer
11-Aug,12:55,743.2,723.8,Hybrid,16,Summer
11-Aug,13:00,767,736.8,Hybrid,16,Summer
11-Aug,13:05,774.4,744.6,Hybrid,16,Summer
11-Aug,13:10,763,723.4,Hybrid,16,Summer
11-Aug,13:15,741.6,702.4,Hybrid,16,Summer
11-Aug,13:20,744.8,707.2,Hybrid,16,Summer
11-Aug,13:25,745.8,703,Hybrid,16,Summer
11-Aug,13:30,742.2,700,Hybrid,16,Summer
11-Aug,13:35,739.8,699.6,Hybrid,16,Summer
11-Aug,13:40,737.8,709.6,Hybrid,16,Summer
11-Aug,13:45,741,712,Hybrid,16,Summer
11-Aug,13:50,739.8,708.4,Hybrid,16,Summer
11-Aug,13:55,740.4,699.6,Hybrid,16,Summer
11-Aug,14:00,738.4,695.8,Hybrid,16,Summer
11-Aug,14:05,745,704.8,Hybrid,16,Summer
11-Aug,14:10,739.6,714.6,Hybrid,16,Summer
11-Aug,14:15,732.2,701.4,Hybrid,16,Summer
11-Aug,14:20,733.8,697.6,Hybrid,16,Summer
11-Aug,14:25,757,716,Hybrid,16,Summer
11-Aug,14:30,760.4,726.2,Hybrid,16,Summer
11-Aug,14:35,751.6,715.2,Hybrid,16,Summer
11-Aug,14:40,739.6,710,Hybrid,16,Summer
11-Aug,14:45,751,723.6,Hybrid,16,Summer
11-Aug,14:50,757.6,733.6,Hybrid,16,Summer
11-Aug,14:55,747.6,719.2,Hybrid,16,Summer
11-Aug,15:00,727.4,697,Hybrid,16,Summer
11-Aug,15:05,721,695,Hybrid,16,Summer
11-Aug,15:10,725.6,703.2,Hybrid,16,Summer
11-Aug,15:15,720.4,703.8,Hybrid,16,Summer
11-Aug,15:20,709,682.2,Hybrid,16,Summer
11-Aug,15:25,695.4,676.6,Hybrid,16,Summer
11-Aug,15:30,707,681.8,Hybrid,16,Summer
11-Aug,15:35,710.6,683.6,Hybrid,16,Summer
11-Aug,15:40,710.6,676.6,Hybrid,16,Summer
11-Aug,15:45,694,664.4,Hybrid,16,Summer
11-Aug,15:50,690.4,663.6,Hybrid,16,Summer
11-Aug,15:55,698.8,672.2,Hybrid,16,Summer
11-Aug,16:00,714.6,688,Hybrid,16,Summer
11-Aug,16:05,709.6,676,Hybrid,16,Summer
11-Aug,16:10,697.8,666.4,Hybrid,16,Summer
11-Aug,16:15,695.2,667.6,Hybrid,16,Summer
11-Aug,16:20,709.2,671.2,Hybrid,16,Summer
11-Aug,16:25,700.2,661.8,Hybrid,16,Summer
11-Aug,16:30,665.2,642.2,Hybrid,16,Summer
11-Aug,16:35,658.4,640.2,Hybrid,16,Summer
11-Aug,16:40,680.6,651.4,Hybrid,16,Summer
11-Aug,16:45,676.6,652,Hybrid,16,Summer
11-Aug,16:50,666.6,638.8,Hybrid,16,Summer
11-Aug,16:55,657.6,628.4,Hybrid,16,Summer
11-Aug,17:00,641.2,618.6,Hybrid,16,Summer
23-Oct,9:10,476,476.4,Hy brid,16,Fall
23-Oct,9:15,483.6,485.6,Hy brid,16,Fall
23-Oct,9:20,492.4,493.8,Hy brid,16,Fall
23-Oct,9:25,499.6,503.6,Hy brid,16,Fall
23-Oct,9:30,512.4,515.4,Hy brid,16,Fall
23-Oct,9:35,520.8,520.4,Hy brid,16,Fall
23-Oct,9:40,532,530.4,Hy brid,16,Fall
23-Oct,9:45,543.2,540,Hy brid,16,Fall
23-Oct,9:50,547.2,543.2,Hy brid,16,Fall
23-Oct,9:55,551,547.8,Hy brid,16,Fall
23-Oct,10:00,551.4,549.6,Hy brid,16,Fall
23-Oct,10:05,554.2,552.4,Hy brid,16,Fall
23-Oct,10:10,558.4,560,Hy brid,16,Fall
23-Oct,10:15,562,562.2,Hy brid,16,Fall
23-Oct,10:20,567.6,568.4,Hy brid,16,Fall
23-Oct,10:25,574,571.8,Hy brid,16,Fall
23-Oct,10:30,576.4,577,Hy brid,16,Fall
23-Oct,10:35,582,581.2,Hy brid,16,Fall
23-Oct,10:40,588,584,Hy brid,16,Fall
23-Oct,10:45,586.2,582.6,Hy brid,16,Fall
23-Oct,10:50,589.6,585.8,Hy brid,16,Fall
23-Oct,10:55,591.6,592.2,Hy brid,16,Fall
23-Oct,11:00,593.2,595,Hy brid,16,Fall
23-Oct,11:05,588.6,589.4,Hy brid,16,Fall
23-Oct,11:10,583.8,581,Hy brid,16,Fall
23-Oct,11:15,581.2,581.6,Hy brid,16,Fall
23-Oct,11:20,590,587.2,Hy brid,16,Fall
23-Oct,11:25,602,597.4,Hy brid,16,Fall
23-Oct,11:30,608.2,602.6,Hy brid,16,Fall
23-Oct,11:35,616.2,610.4,Hy brid,16,Fall
23-Oct,11:40,618.6,614.2,Hy brid,16,Fall
23-Oct,11:45,621,619.2,Hy brid,16,Fall
23-Oct,11:50,628.4,621.6,Hy brid,16,Fall
23-Oct,11:55,634.4,622.6,Hy brid,16,Fall
23-Oct,12:00,629.4,622.8,Hy brid,16,Fall
23-Oct,12:05,620.6,616.6,Hy brid,16,Fall
23-Oct,12:10,612.2,611,Hy brid,16,Fall
23-Oct,12:15,617.8,612,Hy brid,16,Fall
23-Oct,12:20,630.2,617.4,Hy brid,16,Fall
23-Oct,12:25,635.2,628.4,Hy brid,16,Fall
23-Oct,12:30,639.4,633.4,Hy brid,16,Fall
23-Oct,12:35,646.2,639,Hy brid,16,Fall
23-Oct,12:40,650,641.4,Hy brid,16,Fall
23-Oct,12:45,658.6,648.8,Hy brid,16,Fall
23-Oct,12:50,656.6,647.2,Hy brid,16,Fall
23-Oct,12:55,649.4,639.2,Hy brid,16,Fall
23-Oct,13:00,651.4,640,Hy brid,16,Fall
23-Oct,13:05,645.6,637.6,Hy brid,16,Fall
23-Oct,13:10,636.2,625.4,Hy brid,16,Fall
23-Oct,13:15,622.2,612.2,Hy brid,16,Fall
23-Oct,13:20,612,604,Hy brid,16,Fall
23-Oct,13:25,606.6,600,Hy brid,16,Fall
23-Oct,13:30,601.4,597.8,Hy brid,16,Fall
23-Oct,13:35,596,593.8,Hy brid,16,Fall
23-Oct,13:40,590.6,586.2,Hy brid,16,Fall
23-Oct,13:45,595.8,587.8,Hy brid,16,Fall
23-Oct,13:50,605,599,Hy brid,16,Fall
23-Oct,13:55,614.8,607,Hy brid,16,Fall
23-Oct,14:00,621.8,612,Hy brid,16,Fall
23-Oct,14:05,621,616,Hy brid,16,Fall
23-Oct,14:10,617.4,611.2,Hy brid,16,Fall
23-Oct,14:15,618.4,611.6,Hy brid,16,Fall
23-Oct,14:20,620.8,616.4,Hy brid,16,Fall
23-Oct,14:25,623.6,618.8,Hy brid,16,Fall
23-Oct,14:30,632.4,625.8,Hy brid,16,Fall
23-Oct,14:35,637,627,Hy brid,16,Fall
23-Oct,14:40,634,625.6,Hy brid,16,Fall
23-Oct,14:45,628.2,623.4,Hy brid,16,Fall
23-Oct,14:50,631.2,628.6,Hy brid,16,Fall
23-Oct,14:55,635,632.4,Hy brid,16,Fall
23-Oct,15:00,636,632,Hy brid,16,Fall
23-Oct,15:05,632.8,627.8,Hy brid,16,Fall
23-Oct,15:10,635.4,629.2,Hy brid,16,Fall
23-Oct,15:15,637.2,631.8,Hy brid,16,Fall
23-Oct,15:20,639.2,632.6,Hy brid,16,Fall
23-Oct,15:25,639.6,633.2,Hy brid,16,Fall
23-Oct,15:30,635.6,628,Hy brid,16,Fall
23-Oct,15:35,631.8,626.4,Hy brid,16,Fall
23-Oct,15:40,634.2,630,Hy brid,16,Fall
23-Oct,15:45,635.6,632.4,Hy brid,16,Fall
23-Oct,15:50,639.6,634,Hy brid,16,Fall
23-Oct,15:55,638.6,635.2,Hy brid,16,Fall
23-Oct,16:00,637,632.4,Hy brid,16,Fall
23-Oct,16:05,642,637.6,Hy brid,16,Fall
23-Oct,16:10,651.2,649.2,Hy brid,16,Fall
23-Oct,16:15,650.8,648.8,Hy brid,16,Fall
23-Oct,16:20,652.6,647.6,Hy brid,16,Fall
23-Oct,16:25,648.2,644.8,Hy brid,16,Fall
23-Oct,16:30,642.6,635.8,Hy brid,16,Fall
23-Oct,16:35,634,629.4,Hy brid,16,Fall
23-Oct,16:40,631.6,626.2,Hy brid,16,Fall
23-Oct,16:45,627.6,626.2,Hy brid,16,Fall
23-Oct,16:50,626.6,623.2,Hy brid,16,Fall
23-Oct,16:55,624.8,614.2,Hy brid,16,Fall
23-Oct,17:00,684.4,611.2,Hy brid,16,Fall
24-Oct,9:10,520.4,519.4,Anchor,22,Fall
24-Oct,9:15,539.2,536,Anchor,22,Fall
24-Oct,9:20,548.8,544,Anchor,22,Fall
24-Oct,9:25,562.4,554.8,Anchor,22,Fall
24-Oct,9:30,570,560.2,Anchor,22,Fall
24-Oct,9:35,574.6,564.8,Anchor,22,Fall
24-Oct,9:40,580.2,575.6,Anchor,22,Fall
24-Oct,9:45,588.6,580.4,Anchor,22,Fall
24-Oct,9:50,598.6,590.8,Anchor,22,Fall
24-Oct,9:55,604.2,596.6,Anchor,22,Fall
24-Oct,10:00,610.8,604,Anchor,22,Fall
24-Oct,10:05,628.4,622.2,Anchor,22,Fall
24-Oct,10:10,644,641,Anchor,22,Fall
24-Oct,10:15,653,652.4,Anchor,22,Fall
24-Oct,10:20,667,662.4,Anchor,22,Fall
24-Oct,10:25,669.2,662.4,Anchor,22,Fall
24-Oct,10:30,672.8,662.4,Anchor,22,Fall
24-Oct,10:35,677.8,667.2,Anchor,22,Fall
24-Oct,10:40,677.6,679.6,Anchor,22,Fall
24-Oct,10:45,684.8,683.8,Anchor,22,Fall
24-Oct,10:50,700.8,691.8,Anchor,22,Fall
24-Oct,10:55,705,695,Anchor,22,Fall
24-Oct,11:00,711.8,690.4,Anchor,22,Fall
24-Oct,11:05,717.2,702,Anchor,22,Fall
24-Oct,11:10,722.2,711.2,Anchor,22,Fall
24-Oct,11:15,736,724,Anchor,22,Fall
24-Oct,11:20,736.6,724,Anchor,22,Fall
24-Oct,11:25,740.2,723.4,Anchor,22,Fall
24-Oct,11:30,742,718.2,Anchor,22,Fall
24-Oct,11:35,749.2,723.4,Anchor,22,Fall
24-Oct,11:40,748.2,734,Anchor,22,Fall
24-Oct,11:45,745.6,734.2,Anchor,22,Fall
24-Oct,11:50,744.8,737.6,Anchor,22,Fall
24-Oct,11:55,754.6,734.6,Anchor,22,Fall
24-Oct,12:00,765,746.4,Anchor,22,Fall
24-Oct,12:05,769.4,757.6,Anchor,22,Fall
24-Oct,12:10,760.6,754,Anchor,22,Fall
24-Oct,12:15,767.4,756,Anchor,22,Fall
24-Oct,12:20,790,766.4,Anchor,22,Fall
24-Oct,12:25,799.6,772.4,Anchor,22,Fall
24-Oct,12:30,804.2,785.4,Anchor,22,Fall
24-Oct,12:35,804.2,792.6,Anchor,22,Fall
24-Oct,12:40,807.4,794,Anchor,22,Fall
24-Oct,12:45,816.2,793.8,Anchor,22,Fall
24-Oct,12:50,810.8,789.4,Anchor,22,Fall
24-Oct,12:55,802.8,782.4,Anchor,22,Fall
24-Oct,13:00,819.4,789.4,Anchor,22,Fall
24-Oct,13:05,842.8,815.4,Anchor,22,Fall
24-Oct,13:10,863.8,829.4,Anchor,22,Fall
24-Oct,13:15,867.2,833.8,Anchor,22,Fall
24-Oct,13:20,885.2,853.8,Anchor,22,Fall
24-Oct,13:25,907.2,874.2,Anchor,22,Fall
24-Oct,13:30,897.8,879.4,Anchor,22,Fall
24-Oct,13:35,891.8,878.2,Anchor,22,Fall
24-Oct,13:40,887.8,872.6,Anchor,22,Fall
24-Oct,13:45,879.2,854.4,Anchor,22,Fall
24-Oct,13:50,867.2,851.5,Anchor,22,Fall
24-Oct,13:55,745.2,846.6,Anchor,22,Fall
24-Oct,14:00,852.8,844,Anchor,22,Fall
24-Oct,14:05,850.2,836,Anchor,22,Fall
24-Oct,14:10,839.6,830.4,Anchor,22,Fall
24-Oct,14:15,832.4,820.6,Anchor,22,Fall
24-Oct,14:20,832,814.4,Anchor,22,Fall
24-Oct,14:25,830.2,810,Anchor,22,Fall
24-Oct,14:30,828.4,815.4,Anchor,22,Fall
24-Oct,14:35,830.2,815.8,Anchor,22,Fall
24-Oct,14:40,827.4,815.8,Anchor,22,Fall
24-Oct,14:45,827,813.2,Anchor,22,Fall
24-Oct,14:50,825.2,809.4,Anchor,22,Fall
24-Oct,14:55,819.2,806.4,Anchor,22,Fall
24-Oct,15:00,816.2,801.6,Anchor,22,Fall
24-Oct,15:05,811.8,797.4,Anchor,22,Fall
24-Oct,15:10,816.2,796.6,Anchor,22,Fall
24-Oct,15:15,823.8,803.8,Anchor,22,Fall
24-Oct,15:20,826.4,808,Anchor,22,Fall
24-Oct,15:25,824.2,808,Anchor,22,Fall
24-Oct,15:30,820.4,810.8,Anchor,22,Fall
24-Oct,15:35,819.6,810.8,Anchor,22,Fall
24-Oct,15:40,822,806.8,Anchor,22,Fall
24-Oct,15:45,820,805.8,Anchor,22,Fall
24-Oct,15:50,822.4,806.4,Anchor,22,Fall
24-Oct,15:55,824.2,811.8,Anchor,22,Fall
24-Oct,16:00,822.6,810.8,Anchor,22,Fall
24-Oct,16:05,818.4,812,Anchor,22,Fall
24-Oct,16:10,814.4,806.3,Anchor,22,Fall
24-Oct,16:15,810.2,796,Anchor,22,Fall
24-Oct,16:20,797.2,787.2,Anchor,22,Fall
24-Oct,16:25,785,779,Anchor,22,Fall
24-Oct,16:30,779.4,768.6,Anchor,22,Fall
24-Oct,16:35,768,757.2,Anchor,22,Fall
24-Oct,16:40,758.6,751.2,Anchor,22,Fall
24-Oct,16:45,750.4,742.6,Anchor,22,Fall
24-Oct,16:50,747.6,736,Anchor,22,Fall
24-Oct,16:55,741.6,733,Anchor,22,Fall
24-Oct,17:00,735,725.6,Anchor,22,Fall
25-Oct,9:10,550.4,542.2,Anchor,20.5,Fall
25-Oct,9:15,569.8,559.6,Anchor,20.5,Fall
25-Oct,9:20,581.8,572.4,Anchor,20.5,Fall
25-Oct,9:25,590.6,578.4,Anchor,20.5,Fall
25-Oct,9:30,592.8,583.2,Anchor,20.5,Fall
25-Oct,9:35,600.4,587.6,Anchor,20.5,Fall
25-Oct,9:40,609,597.8,Anchor,20.5,Fall
25-Oct,9:45,615,607.6,Anchor,20.5,Fall
25-Oct,9:50,621,615.6,Anchor,20.5,Fall
25-Oct,9:55,629.4,624,Anchor,20.5,Fall
25-Oct,10:00,638.6,633.4,Anchor,20.5,Fall
25-Oct,10:05,651.8,647.8,Anchor,20.5,Fall
25-Oct,10:10,663.4,657.8,Anchor,20.5,Fall
25-Oct,10:15,668.6,664,Anchor,20.5,Fall
25-Oct,10:20,669.4,663.6,Anchor,20.5,Fall
25-Oct,10:25,671,665,Anchor,20.5,Fall
25-Oct,10:30,672.2,664.6,Anchor,20.5,Fall
25-Oct,10:35,671.8,665.8,Anchor,20.5,Fall
25-Oct,10:40,675.8,670.2,Anchor,20.5,Fall
25-Oct,10:45,683,675,Anchor,20.5,Fall
25-Oct,10:50,689.2,683.4,Anchor,20.5,Fall
25-Oct,10:55,693,689.6,Anchor,20.5,Fall
25-Oct,11:00,696.4,692.4,Anchor,20.5,Fall
25-Oct,11:05,729.4,719.2,Anchor,20.5,Fall
25-Oct,11:10,761.8,745.6,Anchor,20.5,Fall
25-Oct,11:15,766,768.2,Anchor,20.5,Fall
25-Oct,11:20,768.8,776.6,Anchor,20.5,Fall
25-Oct,11:25,770,774,Anchor,20.5,Fall
25-Oct,11:30,773,762,Anchor,20.5,Fall
25-Oct,11:35,769,754.8,Anchor,20.5,Fall
25-Oct,11:40,758.6,750.2,Anchor,20.5,Fall
25-Oct,11:45,756.6,746.8,Anchor,20.5,Fall
25-Oct,11:50,758.2,746.8,Anchor,20.5,Fall
25-Oct,11:55,762,750.2,Anchor,20.5,Fall
25-Oct,12:00,783.6,762.2,Anchor,20.5,Fall
25-Oct,12:05,842.8,789.8,Anchor,20.5,Fall
25-Oct,12:10,855,809,Anchor,20.5,Fall
25-Oct,12:15,845.8,811,Anchor,20.5,Fall
25-Oct,12:20,840.8,814.2,Anchor,20.5,Fall
25-Oct,12:25,848.8,827,Anchor,20.5,Fall
25-Oct,12:30,863.6,829.8,Anchor,20.5,Fall
25-Oct,12:35,850.8,825,Anchor,20.5,Fall
25-Oct,12:40,849.6,825.4,Anchor,20.5,Fall
25-Oct,12:45,864.2,829.6,Anchor,20.5,Fall
25-Oct,12:50,859.6,833.4,Anchor,20.5,Fall
25-Oct,12:55,858.4,844,Anchor,20.5,Fall
25-Oct,13:00,851.2,839.6,Anchor,20.5,Fall
25-Oct,13:05,834,822,Anchor,20.5,Fall
25-Oct,13:10,822.8,815.6,Anchor,20.5,Fall
25-Oct,13:15,821.2,813,Anchor,20.5,Fall
25-Oct,13:20,836.2,830.8,Anchor,20.5,Fall
25-Oct,13:25,855.8,841,Anchor,20.5,Fall
25-Oct,13:30,862,839.4,Anchor,20.5,Fall
25-Oct,13:35,854.2,835.4,Anchor,20.5,Fall
25-Oct,13:40,845.4,829.6,Anchor,20.5,Fall
25-Oct,13:45,830.4,819.4,Anchor,20.5,Fall
25-Oct,13:50,830.8,809,Anchor,20.5,Fall
25-Oct,13:55,834.6,808,Anchor,20.5,Fall
25-Oct,14:00,835.4,819.8,Anchor,20.5,Fall
25-Oct,14:05,834,821,Anchor,20.5,Fall
25-Oct,14:10,828.2,818.8,Anchor,20.5,Fall
25-Oct,14:15,823,813.4,Anchor,20.5,Fall
25-Oct,14:20,830.8,808.2,Anchor,20.5,Fall
25-Oct,14:25,835,809.4,Anchor,20.5,Fall
25-Oct,14:30,834.2,815.8,Anchor,20.5,Fall
25-Oct,14:35,828.2,817.4,Anchor,20.5,Fall
25-Oct,14:40,825.6,813.8,Anchor,20.5,Fall
25-Oct,14:45,821.2,806.2,Anchor,20.5,Fall
25-Oct,14:50,822.8,806,Anchor,20.5,Fall
25-Oct,14:55,821,803.6,Anchor,20.5,Fall
25-Oct,15:00,815.6,803,Anchor,20.5,Fall
25-Oct,15:05,813,801,Anchor,20.5,Fall
25-Oct,15:10,810,787.8,Anchor,20.5,Fall
25-Oct,15:15,805.6,780.6,Anchor,20.5,Fall
25-Oct,15:20,797.6,778.8,Anchor,20.5,Fall
25-Oct,15:25,801.6,782.6,Anchor,20.5,Fall
25-Oct,15:30,805.2,785.2,Anchor,20.5,Fall
25-Oct,15:35,809.6,779.4,Anchor,20.5,Fall
25-Oct,15:40,797.4,773,Anchor,20.5,Fall
25-Oct,15:45,778.6,765.6,Anchor,20.5,Fall
25-Oct,15:50,772.4,759.2,Anchor,20.5,Fall
25-Oct,15:55,767.8,758.4,Anchor,20.5,Fall
25-Oct,16:00,767.6,758.4,Anchor,20.5,Fall
25-Oct,16:05,765.2,751.2,Anchor,20.5,Fall
25-Oct,16:10,758.6,742.8,Anchor,20.5,Fall
25-Oct,16:15,746.4,734.2,Anchor,20.5,Fall
25-Oct,16:20,742,737,Anchor,20.5,Fall
25-Oct,16:25,739.6,730,Anchor,20.5,Fall
25-Oct,16:30,737.6,728.2,Anchor,20.5,Fall
25-Oct,16:35,738.8,724,Anchor,20.5,Fall
25-Oct,16:40,733.6,723.8,Anchor,20.5,Fall
25-Oct,16:45,741.4,732.4,Anchor,20.5,Fall
25-Oct,16:50,740.8,728,Anchor,20.5,Fall
25-Oct,16:55,733.4,719.2,Anchor,20.5,Fall
25-Oct,17:00,722,709.8,Anchor,20.5,Fall
26-Oct,9:10,514.2,509.8,Hybrid,15,Fall
26-Oct,9:15,525.6,524.4,Hybrid,15,Fall
26-Oct,9:20,534.8,534.4,Hybrid,15,Fall
26-Oct,9:25,539.6,536.8,Hybrid,15,Fall
26-Oct,9:30,543.8,539.4,Hybrid,15,Fall
26-Oct,9:35,549.4,543.8,Hybrid,15,Fall
26-Oct,9:40,551.4,546,Hybrid,15,Fall
26-Oct,9:45,556.2,552.6,Hybrid,15,Fall
26-Oct,9:50,560.4,559,Hybrid,15,Fall
26-Oct,9:55,562.8,558.4,Hybrid,15,Fall
26-Oct,10:00,563.8,560.2,Hybrid,15,Fall
26-Oct,10:05,565.2,563.6,Hybrid,15,Fall
26-Oct,10:10,567.6,565.6,Hybrid,15,Fall
26-Oct,10:15,567.8,564.2,Hybrid,15,Fall
26-Oct,10:20,562.4,562.6,Hybrid,15,Fall
26-Oct,10:25,560.8,564,Hybrid,15,Fall
26-Oct,10:30,566.6,571.2,Hybrid,15,Fall
26-Oct,10:35,577.4,577,Hybrid,15,Fall
26-Oct,10:40,585.6,579.6,Hybrid,15,Fall
26-Oct,10:45,580.8,579.8,Hybrid,15,Fall
26-Oct,10:50,583,584.6,Hybrid,15,Fall
26-Oct,10:55,586.6,585,Hybrid,15,Fall
26-Oct,11:00,583.6,593,Hybrid,15,Fall
26-Oct,11:05,590.6,599,Hybrid,15,Fall
26-Oct,11:10,594.4,603,Hybrid,15,Fall
26-Oct,11:15,594,598.6,Hybrid,15,Fall
26-Oct,11:20,596.2,595.8,Hybrid,15,Fall
26-Oct,11:25,605.2,599.2,Hybrid,15,Fall
26-Oct,11:30,609.2,603.4,Hybrid,15,Fall
26-Oct,11:35,609.2,613.2,Hybrid,15,Fall
26-Oct,11:40,609.8,615.8,Hybrid,15,Fall
26-Oct,11:45,610.6,611.6,Hybrid,15,Fall
26-Oct,11:50,611.8,613.8,Hybrid,15,Fall
26-Oct,11:55,616.8,615.4,Hybrid,15,Fall
26-Oct,12:00,617.8,611.6,Hybrid,15,Fall
26-Oct,12:05,615.8,604.4,Hybrid,15,Fall
26-Oct,12:10,603.6,602,Hybrid,15,Fall
26-Oct,12:15,597.8,598.8,Hybrid,15,Fall
26-Oct,12:20,593.2,591.2,Hybrid,15,Fall
26-Oct,12:25,592.6,600.6,Hybrid,15,Fall
26-Oct,12:30,600.8,601.4,Hybrid,15,Fall
26-Oct,12:35,608,602.8,Hybrid,15,Fall
26-Oct,12:40,605.8,617,Hybrid,15,Fall
26-Oct,12:45,603.6,619.8,Hybrid,15,Fall
26-Oct,12:50,606,617.8,Hybrid,15,Fall
26-Oct,12:55,599.6,610.2,Hybrid,15,Fall
26-Oct,13:00,605,600.6,Hybrid,15,Fall
26-Oct,13:05,605.2,600.8,Hybrid,15,Fall
26-Oct,13:10,597,596.2,Hybrid,15,Fall
26-Oct,13:15,590,588.4,Hybrid,15,Fall
26-Oct,13:20,594.8,591.6,Hybrid,15,Fall
26-Oct,13:25,603.8,597,Hybrid,15,Fall
26-Oct,13:30,619,608.2,Hybrid,15,Fall
26-Oct,13:35,619.8,613.8,Hybrid,15,Fall
26-Oct,13:40,611.6,620.8,Hybrid,15,Fall
26-Oct,13:45,620.6,626.4,Hybrid,15,Fall
26-Oct,13:50,621.8,624.4,Hybrid,15,Fall
26-Oct,13:55,620.8,620,Hybrid,15,Fall
26-Oct,14:00,620,615.4,Hybrid,15,Fall
26-Oct,14:05,619,617.8,Hybrid,15,Fall
26-Oct,14:10,624,623,Hybrid,15,Fall
26-Oct,14:15,625.4,624,Hybrid,15,Fall
26-Oct,14:20,622.8,623.8,Hybrid,15,Fall
26-Oct,14:25,620.8,618.6,Hybrid,15,Fall
26-Oct,14:30,617.8,614.2,Hybrid,15,Fall
26-Oct,14:35,625.4,617.8,Hybrid,15,Fall
26-Oct,14:40,631.8,624.4,Hybrid,15,Fall
26-Oct,14:45,633.6,628.2,Hybrid,15,Fall
26-Oct,14:50,637,633.2,Hybrid,15,Fall
26-Oct,14:55,635.6,631.6,Hybrid,15,Fall
26-Oct,15:00,638.2,635,Hybrid,15,Fall
26-Oct,15:05,638.6,640.4,Hybrid,15,Fall
26-Oct,15:10,640,644.8,Hybrid,15,Fall
26-Oct,15:15,641.2,645,Hybrid,15,Fall
26-Oct,15:20,642,641.2,Hybrid,15,Fall
26-Oct,15:25,640,632.6,Hybrid,15,Fall
26-Oct,15:30,635.2,633.4,Hybrid,15,Fall
26-Oct,15:35,635.4,634.6,Hybrid,15,Fall
26-Oct,15:40,637.4,632.4,Hybrid,15,Fall
26-Oct,15:45,641.4,631.4,Hybrid,15,Fall
26-Oct,15:50,640.8,631.2,Hybrid,15,Fall
26-Oct,15:55,634.2,623.2,Hybrid,15,Fall
26-Oct,16:00,627.6,620.6,Hybrid,15,Fall
26-Oct,16:05,618.4,618,Hybrid,15,Fall
26-Oct,16:10,614.2,611,Hybrid,15,Fall
26-Oct,16:15,608.8,603.8,Hybrid,15,Fall
26-Oct,16:20,605.4,600.4,Hybrid,15,Fall
26-Oct,16:25,606,600.8,Hybrid,15,Fall
26-Oct,16:30,605.4,598.8,Hybrid,15,Fall
26-Oct,16:35,603.2,598.8,Hybrid,15,Fall
26-Oct,16:40,601.8,597.8,Hybrid,15,Fall
26-Oct,16:45,601,598,Hybrid,15,Fall
26-Oct,16:50,600.8,597,Hybrid,15,Fall
26-Oct,16:55,600,595.4,Hybrid,15,Fall
26-Oct,17:00,591,591.2,Hybrid,15,Fall
27-Oct,9:10,471.2,463,Hybrid,12,Fall
27-Oct,9:15,476,466.4,Hybrid,12,Fall
27-Oct,9:20,473,468,Hybrid,12,Fall
27-Oct,9:25,472.4,467.6,Hybrid,12,Fall
27-Oct,9:30,479.8,475.2,Hybrid,12,Fall
27-Oct,9:35,485,481.8,Hybrid,12,Fall
27-Oct,9:40,486.8,483.8,Hybrid,12,Fall
27-Oct,9:45,485.4,485,Hybrid,12,Fall
27-Oct,9:50,486.2,482,Hybrid,12,Fall
27-Oct,9:55,491.2,483.4,Hybrid,12,Fall
27-Oct,10:00,499,486,Hybrid,12,Fall
27-Oct,10:05,501.2,489,Hybrid,12,Fall
27-Oct,10:10,500.4,491,Hybrid,12,Fall
27-Oct,10:15,503.2,492.6,Hybrid,12,Fall
27-Oct,10:20,505.6,498.4,Hybrid,12,Fall
27-Oct,10:25,509,502.2,Hybrid,12,Fall
27-Oct,10:30,512.4,506.4,Hybrid,12,Fall
27-Oct,10:35,514.8,508.6,Hybrid,12,Fall
27-Oct,10:40,515.4,511,Hybrid,12,Fall
27-Oct,10:45,517.2,514.2,Hybrid,12,Fall
27-Oct,10:50,519.6,515.8,Hybrid,12,Fall
27-Oct,10:55,527.2,521.2,Hybrid,12,Fall
27-Oct,11:00,536,524,Hybrid,12,Fall
27-Oct,11:05,537.2,532.4,Hybrid,12,Fall
27-Oct,11:10,556.2,545,Hybrid,12,Fall
27-Oct,11:15,556.4,553.8,Hybrid,12,Fall
27-Oct,11:20,558,553.2,Hybrid,12,Fall
27-Oct,11:25,555.8,554.4,Hybrid,12,Fall
27-Oct,11:30,570,547.8,Hybrid,12,Fall
27-Oct,11:35,563.6,544.8,Hybrid,12,Fall
27-Oct,11:40,555.8,542.2,Hybrid,12,Fall
27-Oct,11:45,552.4,542.8,Hybrid,12,Fall
27-Oct,11:50,552.2,543,Hybrid,12,Fall
27-Oct,11:55,550.4,543.2,Hybrid,12,Fall
27-Oct,12:00,554,544.2,Hybrid,12,Fall
27-Oct,12:05,561.2,546.4,Hybrid,12,Fall
27-Oct,12:10,559.6,550.2,Hybrid,12,Fall
27-Oct,12:15,556,550.8,Hybrid,12,Fall
27-Oct,12:20,551.2,544.8,Hybrid,12,Fall
27-Oct,12:25,544.8,545.4,Hybrid,12,Fall
27-Oct,12:30,563.8,550.8,Hybrid,12,Fall
27-Oct,12:35,563.4,554,Hybrid,12,Fall
27-Oct,12:40,560.8,558.2,Hybrid,12,Fall
27-Oct,12:45,558.6,549.6,Hybrid,12,Fall
27-Oct,12:50,551,545.4,Hybrid,12,Fall
27-Oct,12:55,548.4,541,Hybrid,12,Fall
27-Oct,13:00,549,544.6,Hybrid,12,Fall
27-Oct,13:05,550,545,Hybrid,12,Fall
27-Oct,13:10,555.2,544,Hybrid,12,Fall
27-Oct,13:15,563.2,552.6,Hybrid,12,Fall
27-Oct,13:20,564,561.4,Hybrid,12,Fall
27-Oct,13:25,562.2,562.6,Hybrid,12,Fall
27-Oct,13:30,564,557.2,Hybrid,12,Fall
27-Oct,13:35,570.6,555.6,Hybrid,12,Fall
27-Oct,13:40,576,562.4,Hybrid,12,Fall
27-Oct,13:45,579,574.2,Hybrid,12,Fall
27-Oct,13:50,587.4,575.6,Hybrid,12,Fall
27-Oct,13:55,589,579.6,Hybrid,12,Fall
27-Oct,14:00,596,587.2,Hybrid,12,Fall
27-Oct,14:05,596.4,585.2,Hybrid,12,Fall
27-Oct,14:10,589,583.8,Hybrid,12,Fall
27-Oct,14:15,590,585.6,Hybrid,12,Fall
27-Oct,14:20,592,582.8,Hybrid,12,Fall
27-Oct,14:25,592,580.4,Hybrid,12,Fall
27-Oct,14:30,593.2,580.4,Hybrid,12,Fall
27-Oct,14:35,589.4,572.4,Hybrid,12,Fall
27-Oct,14:40,587.8,572,Hybrid,12,Fall
27-Oct,14:45,589.8,574.8,Hybrid,12,Fall
27-Oct,14:50,586.4,581,Hybrid,12,Fall
27-Oct,14:55,582,576.4,Hybrid,12,Fall
27-Oct,15:00,578,568,Hybrid,12,Fall
27-Oct,15:05,576.8,568.4,Hybrid,12,Fall
27-Oct,15:10,586.8,574.8,Hybrid,12,Fall
27-Oct,15:15,590.4,578.4,Hybrid,12,Fall
27-Oct,15:20,589.4,579.8,Hybrid,12,Fall
27-Oct,15:25,588.4,577.4,Hybrid,12,Fall
27-Oct,15:30,588.4,582.2,Hybrid,12,Fall
27-Oct,15:35,589.8,581.8,Hybrid,12,Fall
27-Oct,15:40,587.6,578.2,Hybrid,12,Fall
27-Oct,15:45,592.8,579.8,Hybrid,12,Fall
27-Oct,15:50,592.2,581.6,Hybrid,12,Fall
27-Oct,15:55,589,582.2,Hybrid,12,Fall
27-Oct,16:00,584.2,581.4,Hybrid,12,Fall
27-Oct,16:05,583.2,575.6,Hybrid,12,Fall
27-Oct,16:10,587.4,579.2,Hybrid,12,Fall
27-Oct,16:15,594.4,587.8,Hybrid,12,Fall
27-Oct,16:20,598.2,593.6,Hybrid,12,Fall
27-Oct,16:25,590.8,589,Hybrid,12,Fall
27-Oct,16:30,582.2,579.2,Hybrid,12,Fall
27-Oct,16:35,577.6,572,Hybrid,12,Fall
27-Oct,16:40,573.2,570.4,Hybrid,12,Fall
27-Oct,16:45,569.4,567.4,Hybrid,12,Fall
27-Oct,16:50,563.2,559.6,Hybrid,12,Fall
27-Oct,16:55,560,553,Hybrid,12,Fall
27-Oct,17:00,554.2,545.2,Hybrid,12,Fall
12-Feb,9:10,466.2,484.8,Hybrid,12,Winter
12-Feb,9:15,466.6,483.8,Hybrid,12,Winter
12-Feb,9:20,468.8,489,Hybrid,12,Winter
12-Feb,9:25,466,489,Hybrid,12,Winter
12-Feb,9:30,465.4,489.2,Hybrid,12,Winter
12-Feb,9:35,465,489.2,Hybrid,12,Winter
12-Feb,9:40,479.8,491.4,Hybrid,12,Winter
12-Feb,9:45,478.8,498.8,Hybrid,12,Winter
12-Feb,9:50,483.6,509.8,Hybrid,12,Winter
12-Feb,9:55,494.4,515.4,Hybrid,12,Winter
12-Feb,10:00,492.8,520,Hybrid,12,Winter
12-Feb,10:05,499.6,523.2,Hybrid,12,Winter
12-Feb,10:10,508,529.6,Hybrid,12,Winter
12-Feb,10:15,521,541,Hybrid,12,Winter
12-Feb,10:20,533.4,545.2,Hybrid,12,Winter
12-Feb,10:25,541.4,556.8,Hybrid,12,Winter
12-Feb,10:30,543.8,564.2,Hybrid,12,Winter
12-Feb,10:35,557.6,567.6,Hybrid,12,Winter
12-Feb,10:40,558.8,574.2,Hybrid,12,Winter
12-Feb,10:45,570,578.4,Hybrid,12,Winter
12-Feb,10:50,574.6,584.8,Hybrid,12,Winter
12-Feb,10:55,569.4,589.4,Hybrid,12,Winter
12-Feb,11:00,578.2,597.4,Hybrid,12,Winter
12-Feb,11:05,576,600.6,Hybrid,12,Winter
12-Feb,11:10,584.6,600.2,Hybrid,12,Winter
12-Feb,11:15,583.4,599.4,Hybrid,12,Winter
12-Feb,11:20,571.4,597.2,Hybrid,12,Winter
12-Feb,11:25,578.4,598.4,Hybrid,12,Winter
12-Feb,11:30,579.8,602.6,Hybrid,12,Winter
12-Feb,11:35,595,611,Hybrid,12,Winter
12-Feb,11:40,604.2,622.6,Hybrid,12,Winter
12-Feb,11:45,619.8,631.2,Hybrid,12,Winter
12-Feb,11:50,625.6,639.2,Hybrid,12,Winter
12-Feb,11:55,632.4,646.6,Hybrid,12,Winter
12-Feb,12:00,634,654.2,Hybrid,12,Winter
12-Feb,12:05,643.4,655.8,Hybrid,12,Winter
12-Feb,12:10,655,657.2,Hybrid,12,Winter
12-Feb,12:15,659.8,663.2,Hybrid,12,Winter
12-Feb,12:20,676,687.6,Hybrid,12,Winter
12-Feb,12:25,683.6,708.4,Hybrid,12,Winter
12-Feb,12:30,696.2,719.2,Hybrid,12,Winter
12-Feb,12:35,688.4,704,Hybrid,12,Winter
12-Feb,12:40,676.6,687.6,Hybrid,12,Winter
12-Feb,12:45,676.6,680.4,Hybrid,12,Winter
12-Feb,12:50,669.6,682.2,Hybrid,12,Winter
12-Feb,12:55,686,696.4,Hybrid,12,Winter
12-Feb,13:00,712.6,710.8,Hybrid,12,Winter
12-Feb,13:05,737.6,720.6,Hybrid,12,Winter
12-Feb,13:10,729.2,722.2,Hybrid,12,Winter
12-Feb,13:15,719,717,Hybrid,12,Winter
12-Feb,13:20,710.6,714.4,Hybrid,12,Winter
12-Feb,13:25,720.8,715,Hybrid,12,Winter
12-Feb,13:30,723,715.2,Hybrid,12,Winter
12-Feb,13:35,716.6,722.4,Hybrid,12,Winter
12-Feb,13:40,729.8,736.8,Hybrid,12,Winter
12-Feb,13:45,737.6,737,Hybrid,12,Winter
12-Feb,13:50,745.6,740.2,Hybrid,12,Winter
12-Feb,13:55,748.4,754,Hybrid,12,Winter
12-Feb,14:00,769.2,766,Hybrid,12,Winter
12-Feb,14:05,778.4,782,Hybrid,12,Winter
12-Feb,14:10,781,781.8,Hybrid,12,Winter
12-Feb,14:15,791.8,783.8,Hybrid,12,Winter
12-Feb,14:20,804.4,792.2,Hybrid,12,Winter
12-Feb,14:25,821.6,798.4,Hybrid,12,Winter
12-Feb,14:30,813.2,796.6,Hybrid,12,Winter
12-Feb,14:35,809.2,796.4,Hybrid,12,Winter
12-Feb,14:40,801.2,798.6,Hybrid,12,Winter
12-Feb,14:45,796,804,Hybrid,12,Winter
12-Feb,14:50,818.8,819.8,Hybrid,12,Winter
12-Feb,14:55,841,835.6,Hybrid,12,Winter
12-Feb,15:00,837,861,Hybrid,12,Winter
12-Feb,15:05,816.2,855.2,Hybrid,12,Winter
12-Feb,15:10,853,842.2,Hybrid,12,Winter
12-Feb,15:15,874.8,836.8,Hybrid,12,Winter
12-Feb,15:20,857.8,833.8,Hybrid,12,Winter
12-Feb,15:25,849.8,836.4,Hybrid,12,Winter
12-Feb,15:30,849.6,840,Hybrid,12,Winter
12-Feb,15:35,853.6,838.4,Hybrid,12,Winter
12-Feb,15:40,865,844.8,Hybrid,12,Winter
12-Feb,15:45,865.4,859.6,Hybrid,12,Winter
12-Feb,15:50,868.4,860.2,Hybrid,12,Winter
12-Feb,15:55,869,865.8,Hybrid,12,Winter
12-Feb,16:00,876.6,867.2,Hybrid,12,Winter
12-Feb,16:05,883,869.8,Hybrid,12,Winter
12-Feb,16:10,884.6,865.8,Hybrid,12,Winter
12-Feb,16:15,878.8,861.2,Hybrid,12,Winter
12-Feb,16:20,876.8,861.4,Hybrid,12,Winter
12-Feb,16:25,883.2,862.4,Hybrid,12,Winter
12-Feb,16:30,880.2,864.8,Hybrid,12,Winter
12-Feb,16:35,897.6,865,Hybrid,12,Winter
12-Feb,16:40,900,866.4,Hybrid,12,Winter
12-Feb,16:45,891.6,866.4,Hybrid,12,Winter
12-Feb,16:50,887.8,866,Hybrid,12,Winter
12-Feb,16:55,868.4,871.2,Hybrid,12,Winter
12-Feb,17:00,864.8,872.6,Hybrid,12,Winter
13-Feb,9:10,473.8,496,Anchor,20.5,Winter
13-Feb,9:15,485,505.4,Anchor,20.5,Winter
13-Feb,9:20,492.8,519.2,Anchor,20.5,Winter
13-Feb,9:25,501.4,524.2,Anchor,20.5,Winter
13-Feb,9:30,514.8,532.6,Anchor,20.5,Winter
13-Feb,9:35,539.8,552.4,Anchor,20.5,Winter
13-Feb,9:40,542.6,562,Anchor,20.5,Winter
13-Feb,9:45,537,569.8,Anchor,20.5,Winter
13-Feb,9:50,566.4,595.2,Anchor,20.5,Winter
13-Feb,9:55,601,623,Anchor,20.5,Winter
13-Feb,10:00,642.4,639.2,Anchor,20.5,Winter
13-Feb,10:05,637.4,650.6,Anchor,20.5,Winter
13-Feb,10:10,645,646.2,Anchor,20.5,Winter
13-Feb,10:15,642.4,648.2,Anchor,20.5,Winter
13-Feb,10:20,658.6,664.6,Anchor,20.5,Winter
13-Feb,10:25,661.8,682,Anchor,20.5,Winter
13-Feb,10:30,673.4,692.4,Anchor,20.5,Winter
13-Feb,10:35,693.6,701.6,Anchor,20.5,Winter
13-Feb,10:40,710.6,711.4,Anchor,20.5,Winter
13-Feb,10:45,714.8,725.4,Anchor,20.5,Winter
13-Feb,10:50,739,734.4,Anchor,20.5,Winter
13-Feb,10:55,781.2,777.4,Anchor,20.5,Winter
13-Feb,11:00,807,798,Anchor,20.5,Winter
13-Feb,11:05,808.8,797.2,Anchor,20.5,Winter
13-Feb,11:10,808.6,791.2,Anchor,20.5,Winter
13-Feb,11:15,820.6,783.6,Anchor,20.5,Winter
13-Feb,11:20,828.4,783,Anchor,20.5,Winter
13-Feb,11:25,834.2,808.6,Anchor,20.5,Winter
13-Feb,11:30,839,821.6,Anchor,20.5,Winter
13-Feb,11:35,855.6,827.2,Anchor,20.5,Winter
13-Feb,11:40,860.8,830,Anchor,20.5,Winter
13-Feb,11:45,851.8,833,Anchor,20.5,Winter
13-Feb,11:50,862.2,836.8,Anchor,20.5,Winter
13-Feb,11:55,859,838,Anchor,20.5,Winter
13-Feb,12:00,875,855.8,Anchor,20.5,Winter
13-Feb,12:05,890.6,850.4,Anchor,20.5,Winter
13-Feb,12:10,897,863.6,Anchor,20.5,Winter
13-Feb,12:15,916.2,898.6,Anchor,20.5,Winter
13-Feb,12:20,947.2,963.6,Anchor,20.5,Winter
13-Feb,12:25,980,989.4,Anchor,20.5,Winter
13-Feb,12:30,994.8,998,Anchor,20.5,Winter
13-Feb,12:35,998.8,998.8,Anchor,20.5,Winter
13-Feb,12:40,1008.2,997,Anchor,20.5,Winter
13-Feb,12:45,1017,1004,Anchor,20.5,Winter
13-Feb,12:50,1045,1020,Anchor,20.5,Winter
13-Feb,12:55,1057.6,1034,Anchor,20.5,Winter
13-Feb,13:00,1073,1049.8,Anchor,20.5,Winter
13-Feb,13:05,1092.8,1067.8,Anchor,20.5,Winter
13-Feb,13:10,1092.4,1077.8,Anchor,20.5,Winter
13-Feb,13:15,1104,1092.2,Anchor,20.5,Winter
13-Feb,13:20,1126.2,1117,Anchor,20.5,Winter
13-Feb,13:25,1113.8,1117.8,Anchor,20.5,Winter
13-Feb,13:30,1112.4,1087.6,Anchor,20.5,Winter
13-Feb,13:35,1123.6,1067.8,Anchor,20.5,Winter
13-Feb,13:40,1132.8,1070,Anchor,20.5,Winter
13-Feb,13:45,1130.8,1085,Anchor,20.5,Winter
13-Feb,13:50,1137.2,1103,Anchor,20.5,Winter
13-Feb,13:55,1146,1129.2,Anchor,20.5,Winter
13-Feb,14:00,1155.2,1143.8,Anchor,20.5,Winter
13-Feb,14:05,1167,1146.4,Anchor,20.5,Winter
13-Feb,14:10,1166.2,1142.4,Anchor,20.5,Winter
13-Feb,14:15,1164,1145.2,Anchor,20.5,Winter
13-Feb,14:20,1164,1146,Anchor,20.5,Winter
13-Feb,14:25,1160,1141.6,Anchor,20.5,Winter
13-Feb,14:30,1163.4,1148.4,Anchor,20.5,Winter
13-Feb,14:35,1164.8,1162,Anchor,20.5,Winter
13-Feb,14:40,1184.4,1154.8,Anchor,20.5,Winter
13-Feb,14:45,1198,1157.8,Anchor,20.5,Winter
13-Feb,14:50,1212.2,1174.6,Anchor,20.5,Winter
13-Feb,14:55,1228.4,1197.8,Anchor,20.5,Winter
13-Feb,15:00,1242,1201,Anchor,20.5,Winter
13-Feb,15:05,1261,1215.4,Anchor,20.5,Winter
13-Feb,15:10,1272.2,1220.4,Anchor,20.5,Winter
13-Feb,15:15,1265.4,1226.8,Anchor,20.5,Winter
13-Feb,15:20,1274.2,1235.6,Anchor,20.5,Winter
13-Feb,15:25,1267.8,1236,Anchor,20.5,Winter
13-Feb,15:30,1256,1228,Anchor,20.5,Winter
13-Feb,15:35,1242.4,1230,Anchor,20.5,Winter
13-Feb,15:40,1234.8,1220.2,Anchor,20.5,Winter
13-Feb,15:45,1223.4,1202.6,Anchor,20.5,Winter
13-Feb,15:50,1209.4,1195.4,Anchor,20.5,Winter
13-Feb,15:55,1196.6,1187.8,Anchor,20.5,Winter
13-Feb,16:00,1193.4,1179,Anchor,20.5,Winter
13-Feb,16:05,1210.8,1185,Anchor,20.5,Winter
13-Feb,16:10,1224.4,1206,Anchor,20.5,Winter
13-Feb,16:15,1220.8,1221.4,Anchor,20.5,Winter
13-Feb,16:20,1232,1239,Anchor,20.5,Winter
13-Feb,16:25,1236.4,1275.6,Anchor,20.5,Winter
13-Feb,16:30,1259.2,1328,Anchor,20.5,Winter
13-Feb,16:35,1295,1340.8,Anchor,20.5,Winter
13-Feb,16:40,1302.2,1348.6,Anchor,20.5,Winter
13-Feb,16:45,1297.4,1349.4,Anchor,20.5,Winter
13-Feb,16:50,1307,1350.2,Anchor,20.5,Winter
13-Feb,16:55,1313.4,1356.2,Anchor,20.5,Winter
13-Feb,17:00,1312.8,1351,Anchor,20.5,Winter
14-Feb,9:10,486,493.2,Anchor,21,Winter
14-Feb,9:15,505.2,497.4,Anchor,21,Winter
14-Feb,9:20,505.8,503,Anchor,21,Winter
14-Feb,9:25,509.8,509.8,Anchor,21,Winter
14-Feb,9:30,511.4,523,Anchor,21,Winter
14-Feb,9:35,526.6,551.8,Anchor,21,Winter
14-Feb,9:40,548.4,559.6,Anchor,21,Winter
14-Feb,9:45,562.6,573.6,Anchor,21,Winter
14-Feb,9:50,581.4,597.6,Anchor,21,Winter
14-Feb,9:55,617.6,621.4,Anchor,21,Winter
14-Feb,10:00,641.2,640,Anchor,21,Winter
14-Feb,10:05,670.4,663.2,Anchor,21,Winter
14-Feb,10:10,703.8,680.8,Anchor,21,Winter
14-Feb,10:15,741.8,730.6,Anchor,21,Winter
14-Feb,10:20,749,762.8,Anchor,21,Winter
14-Feb,10:25,752.6,775.4,Anchor,21,Winter
14-Feb,10:30,768,773,Anchor,21,Winter
14-Feb,10:35,759.6,772.8,Anchor,21,Winter
14-Feb,10:40,756,772.2,Anchor,21,Winter
14-Feb,10:45,756.6,769.8,Anchor,21,Winter
14-Feb,10:50,771.6,775.6,Anchor,21,Winter
14-Feb,10:55,773,777.8,Anchor,21,Winter
14-Feb,11:00,765.4,786.6,Anchor,21,Winter
14-Feb,11:05,790.8,888.6,Anchor,21,Winter
14-Feb,11:10,844.4,871,Anchor,21,Winter
14-Feb,11:15,889,874.2,Anchor,21,Winter
14-Feb,11:20,912,898.4,Anchor,21,Winter
14-Feb,11:25,934.4,896.2,Anchor,21,Winter
14-Feb,11:30,948.8,917.2,Anchor,21,Winter
14-Feb,11:35,953.8,940,Anchor,21,Winter
14-Feb,11:40,958.8,975.2,Anchor,21,Winter
14-Feb,11:45,1001.4,1007.7,Anchor,21,Winter
14-Feb,11:50,1032.5,1315,Anchor,21,Winter
14-Feb,11:55,NA,NA,Anchor,21,Winter
14-Feb,12:00,NA,NA,Anchor,21,Winter
14-Feb,12:05,NA,NA,Anchor,21,Winter
14-Feb,12:10,NA,NA,Anchor,21,Winter
14-Feb,12:15,1180.5,1254.2,Anchor,21,Winter
14-Feb,12:20,1288,1280.4,Anchor,21,Winter
14-Feb,12:25,1314.8,1286.8,Anchor,21,Winter
14-Feb,12:30,1305.6,1272.8,Anchor,21,Winter
14-Feb,12:35,1298.4,1412.2,Anchor,21,Winter
14-Feb,12:40,1318.2,1326.6,Anchor,21,Winter
14-Feb,12:45,1352.8,1286,Anchor,21,Winter
14-Feb,12:50,1341.8,1290.2,Anchor,21,Winter
14-Feb,12:55,1323.2,1418.6,Anchor,21,Winter
14-Feb,13:00,1363.4,1493.6,Anchor,21,Winter
14-Feb,13:05,1353.6,1423.8,Anchor,21,Winter
14-Feb,13:10,1355,1427.8,Anchor,21,Winter
14-Feb,13:15,1358.2,1358.4,Anchor,21,Winter
14-Feb,13:20,1335,1305.4,Anchor,21,Winter
14-Feb,13:25,1336.2,1292.8,Anchor,21,Winter
14-Feb,13:30,1369,1304.4,Anchor,21,Winter
14-Feb,13:35,1375.2,1284.2,Anchor,21,Winter
14-Feb,13:40,1368.4,1282.2,Anchor,21,Winter
14-Feb,13:45,1374.4,1293,Anchor,21,Winter
14-Feb,13:50,1386.8,1306,Anchor,21,Winter
14-Feb,13:55,1419.8,1345.4,Anchor,21,Winter
14-Feb,14:00,1437.8,1364,Anchor,21,Winter
14-Feb,14:05,1438,1373.2,Anchor,21,Winter
14-Feb,14:10,1433.4,1373,Anchor,21,Winter
14-Feb,14:15,1442,1378.8,Anchor,21,Winter
14-Feb,14:20,1456.4,1392.6,Anchor,21,Winter
14-Feb,14:25,1458.2,1404.4,Anchor,21,Winter
14-Feb,14:30,1456,1414.6,Anchor,21,Winter
14-Feb,14:35,1455.8,1435.4,Anchor,21,Winter
14-Feb,14:40,1448.2,1475.6,Anchor,21,Winter
14-Feb,14:45,1457.2,1454.4,Anchor,21,Winter
14-Feb,14:50,1450,1429.8,Anchor,21,Winter
14-Feb,14:55,1444.2,1419,Anchor,21,Winter
14-Feb,15:00,1434.2,1405,Anchor,21,Winter
14-Feb,15:05,1442.8,1394.6,Anchor,21,Winter
14-Feb,15:10,1456.2,1390.2,Anchor,21,Winter
14-Feb,15:15,1465,1402.6,Anchor,21,Winter
14-Feb,15:20,1469.6,1408.8,Anchor,21,Winter
14-Feb,15:25,1469.4,1404.6,Anchor,21,Winter
14-Feb,15:30,1466.6,1401,Anchor,21,Winter
14-Feb,15:35,1460.2,1408.6,Anchor,21,Winter
14-Feb,15:40,1448.8,1410.6,Anchor,21,Winter
14-Feb,15:45,1447,1405.4,Anchor,21,Winter
14-Feb,15:50,1439.6,1396,Anchor,21,Winter
14-Feb,15:55,1439,1398.8,Anchor,21,Winter
14-Feb,16:00,1432.4,1404.2,Anchor,21,Winter
14-Feb,16:05,1439.2,1446,Anchor,21,Winter
14-Feb,16:10,1447.2,1424.6,Anchor,21,Winter
14-Feb,16:15,1450,1423.8,Anchor,21,Winter
14-Feb,16:20,1460,1450.8,Anchor,21,Winter
14-Feb,16:25,1474.8,1474.8,Anchor,21,Winter
14-Feb,16:30,1500.4,1486.2,Anchor,21,Winter
14-Feb,16:35,1509.8,1486.6,Anchor,21,Winter
14-Feb,16:40,1496,1458.8,Anchor,21,Winter
14-Feb,16:45,1480.8,1442.4,Anchor,21,Winter
14-Feb,16:50,1470.4,1439,Anchor,21,Winter
14-Feb,16:55,1453,1426,Anchor,21,Winter
14-Feb,17:00,1432.2,1401.2,Anchor,21,Winter
15-Feb,9:10,505.6,533.2,Hybrid,18,Winter
15-Feb,9:15,513.6,546.8,Hybrid,18,Winter
15-Feb,9:20,530.2,554.4,Hybrid,18,Winter
15-Feb,9:25,538.4,565.4,Hybrid,18,Winter
15-Feb,9:30,545,576.4,Hybrid,18,Winter
15-Feb,9:35,557.4,583.6,Hybrid,18,Winter
15-Feb,9:40,573.6,601.2,Hybrid,18,Winter
15-Feb,9:45,586,610.2,Hybrid,18,Winter
15-Feb,9:50,590.8,623.8,Hybrid,18,Winter
15-Feb,9:55,594.6,637.6,Hybrid,18,Winter
15-Feb,10:00,605.2,648.2,Hybrid,18,Winter
15-Feb,10:05,623.2,665.6,Hybrid,18,Winter
15-Feb,10:10,643,679.2,Hybrid,18,Winter
15-Feb,10:15,678,703.6,Hybrid,18,Winter
15-Feb,10:20,686.2,710.6,Hybrid,18,Winter
15-Feb,10:25,694.6,717.4,Hybrid,18,Winter
15-Feb,10:30,710.2,733,Hybrid,18,Winter
15-Feb,10:35,715.2,741.8,Hybrid,18,Winter
15-Feb,10:40,727,748,Hybrid,18,Winter
15-Feb,10:45,741.8,750.6,Hybrid,18,Winter
15-Feb,10:50,750.4,756.2,Hybrid,18,Winter
15-Feb,10:55,752.6,762.4,Hybrid,18,Winter
15-Feb,11:00,770.4,780.6,Hybrid,18,Winter
15-Feb,11:05,786.6,795.8,Hybrid,18,Winter
15-Feb,11:10,802.5,810.6,Hybrid,18,Winter
15-Feb,11:15,821.2,824.4,Hybrid,18,Winter
15-Feb,11:20,824.6,828.6,Hybrid,18,Winter
15-Feb,11:25,829.8,833.8,Hybrid,18,Winter
15-Feb,11:30,840.2,844.8,Hybrid,18,Winter
15-Feb,11:35,848.6,878.8,Hybrid,18,Winter
15-Feb,11:40,913.4,1032.6,Hybrid,18,Winter
15-Feb,11:45,955.6,1081.4,Hybrid,18,Winter
15-Feb,11:50,975,1028.8,Hybrid,18,Winter
15-Feb,11:55,947.8,992.8,Hybrid,18,Winter
15-Feb,12:00,920.8,950.8,Hybrid,18,Winter
15-Feb,12:05,906.8,920.2,Hybrid,18,Winter
15-Feb,12:10,895.8,903.4,Hybrid,18,Winter
15-Feb,12:15,897,896.6,Hybrid,18,Winter
15-Feb,12:20,906.8,906,Hybrid,18,Winter
15-Feb,12:25,924.4,905,Hybrid,18,Winter
15-Feb,12:30,931.8,915.4,Hybrid,18,Winter
15-Feb,12:35,941,927.4,Hybrid,18,Winter
15-Feb,12:40,942,933.2,Hybrid,18,Winter
15-Feb,12:45,946.4,945.2,Hybrid,18,Winter
15-Feb,12:50,974.8,955.4,Hybrid,18,Winter
15-Feb,12:55,980.6,956.2,Hybrid,18,Winter
15-Feb,13:00,1003.8,964.6,Hybrid,18,Winter
15-Feb,13:05,1008.4,973.6,Hybrid,18,Winter
15-Feb,13:10,998,970.2,Hybrid,18,Winter
15-Feb,13:15,983.6,970,Hybrid,18,Winter
15-Feb,13:20,955.6,963.2,Hybrid,18,Winter
15-Feb,13:25,945.8,956.6,Hybrid,18,Winter
15-Feb,13:30,977.8,957,Hybrid,18,Winter
15-Feb,13:35,978.8,964.6,Hybrid,18,Winter
15-Feb,13:40,972.8,977.8,Hybrid,18,Winter
15-Feb,13:45,991.8,1002.4,Hybrid,18,Winter
15-Feb,13:50,1004.4,1006.2,Hybrid,18,Winter
15-Feb,13:55,1009.2,1003.2,Hybrid,18,Winter
15-Feb,14:00,1007,1001,Hybrid,18,Winter
15-Feb,14:05,1005,998,Hybrid,18,Winter
15-Feb,14:10,1011.2,1003.2,Hybrid,18,Winter
15-Feb,14:15,1015.4,1009,Hybrid,18,Winter
15-Feb,14:20,1017.8,1009.2,Hybrid,18,Winter
15-Feb,14:25,1015,1014.2,Hybrid,18,Winter
15-Feb,14:30,1022.6,1029.4,Hybrid,18,Winter
15-Feb,14:35,1038.2,1041,Hybrid,18,Winter
15-Feb,14:40,1043.4,1043.8,Hybrid,18,Winter
15-Feb,14:45,1058.8,1042.2,Hybrid,18,Winter
15-Feb,14:50,1040.6,1033,Hybrid,18,Winter
15-Feb,14:55,1044.4,1038.2,Hybrid,18,Winter
15-Feb,15:00,1046.2,1057.4,Hybrid,18,Winter
15-Feb,15:05,1059.4,1072.6,Hybrid,18,Winter
15-Feb,15:10,1054,1054,Hybrid,18,Winter
15-Feb,15:15,1036.6,1047,Hybrid,18,Winter
15-Feb,15:20,1047,1044.4,Hybrid,18,Winter
15-Feb,15:25,1048.6,1045,Hybrid,18,Winter
15-Feb,15:30,1050.8,1047.2,Hybrid,18,Winter
15-Feb,15:35,1038.4,1043.2,Hybrid,18,Winter
15-Feb,15:40,1020.6,1037.8,Hybrid,18,Winter
15-Feb,15:45,1005,1035.2,Hybrid,18,Winter
15-Feb,15:50,1018.8,1027.8,Hybrid,18,Winter
15-Feb,15:55,1017.8,1030.8,Hybrid,18,Winter
15-Feb,16:00,1014.2,1024.6,Hybrid,18,Winter
15-Feb,16:05,1015.6,1016.8,Hybrid,18,Winter
15-Feb,16:10,1014.4,1024,Hybrid,18,Winter
15-Feb,16:15,1008.6,1023.8,Hybrid,18,Winter
15-Feb,16:20,1019.4,1024.4,Hybrid,18,Winter
15-Feb,16:25,1022.8,1035.2,Hybrid,18,Winter
15-Feb,16:30,1020.8,1047,Hybrid,18,Winter
15-Feb,16:35,1021.8,1053.8,Hybrid,18,Winter
15-Feb,16:40,1034,1049.6,Hybrid,18,Winter
15-Feb,16:45,1011.4,1044.2,Hybrid,18,Winter
15-Feb,16:50,1002.2,1034.2,Hybrid,18,Winter
15-Feb,16:55,997.4,1017.6,Hybrid,18,Winter
15-Feb,17:00,987,1015.2,Hybrid,18,Winter
16-Feb,9:10,460.4,479,Hybrid,11,Winter
16-Feb,9:15,460.4,476.8,Hybrid,11,Winter
16-Feb,9:20,462,474.6,Hybrid,11,Winter
16-Feb,9:25,461.8,478.2,Hybrid,11,Winter
16-Feb,9:30,462.6,483.6,Hybrid,11,Winter
16-Feb,9:35,462.8,482.8,Hybrid,11,Winter
16-Feb,9:40,472,483.2,Hybrid,11,Winter
16-Feb,9:45,475.6,492.4,Hybrid,11,Winter
16-Feb,9:50,478.6,497.4,Hybrid,11,Winter
16-Feb,9:55,483,498.4,Hybrid,11,Winter
16-Feb,10:00,497.6,507.8,Hybrid,11,Winter
16-Feb,10:05,497.2,514.8,Hybrid,11,Winter
16-Feb,10:10,502.4,521.4,Hybrid,11,Winter
16-Feb,10:15,511.8,528,Hybrid,11,Winter
16-Feb,10:20,515.6,526.8,Hybrid,11,Winter
16-Feb,10:25,511.6,525.4,Hybrid,11,Winter
16-Feb,10:30,514.4,530.8,Hybrid,11,Winter
16-Feb,10:35,518.4,534,Hybrid,11,Winter
16-Feb,10:40,522.4,540,Hybrid,11,Winter
16-Feb,10:45,525.6,546.6,Hybrid,11,Winter
16-Feb,10:50,534,549.2,Hybrid,11,Winter
16-Feb,10:55,542.4,554,Hybrid,11,Winter
16-Feb,11:00,550.4,564.4,Hybrid,11,Winter
16-Feb,11:05,557.8,573.4,Hybrid,11,Winter
16-Feb,11:10,572.4,580.6,Hybrid,11,Winter
16-Feb,11:15,577.2,584.4,Hybrid,11,Winter
16-Feb,11:20,575,589.4,Hybrid,11,Winter
16-Feb,11:25,581.8,599,Hybrid,11,Winter
16-Feb,11:30,601.8,604.2,Hybrid,11,Winter
16-Feb,11:35,608.6,608.4,Hybrid,11,Winter
16-Feb,11:40,612.6,614,Hybrid,11,Winter
16-Feb,11:45,613.8,617.6,Hybrid,11,Winter
16-Feb,11:50,615,621.4,Hybrid,11,Winter
16-Feb,11:55,617.4,621.2,Hybrid,11,Winter
16-Feb,12:00,616.4,626.6,Hybrid,11,Winter
16-Feb,12:05,619.8,632.8,Hybrid,11,Winter
16-Feb,12:10,627.8,643.2,Hybrid,11,Winter
16-Feb,12:15,627,648.8,Hybrid,11,Winter
16-Feb,12:20,632.8,658.6,Hybrid,11,Winter
16-Feb,12:25,653.6,668,Hybrid,11,Winter
16-Feb,12:30,666.8,670.2,Hybrid,11,Winter
16-Feb,12:35,674,673.2,Hybrid,11,Winter
16-Feb,12:40,675.8,675.4,Hybrid,11,Winter
16-Feb,12:45,678,682.2,Hybrid,11,Winter
16-Feb,12:50,688.6,697,Hybrid,11,Winter
16-Feb,12:55,700,705.6,Hybrid,11,Winter
16-Feb,13:00,700.6,718.4,Hybrid,11,Winter
16-Feb,13:05,698.8,719,Hybrid,11,Winter
16-Feb,13:10,708.4,722.4,Hybrid,11,Winter
16-Feb,13:15,719.4,725.2,Hybrid,11,Winter
16-Feb,13:20,718.8,716.2,Hybrid,11,Winter
16-Feb,13:25,726.8,708.4,Hybrid,11,Winter
16-Feb,13:30,730.8,714,Hybrid,11,Winter
16-Feb,13:35,738.8,720.4,Hybrid,11,Winter
16-Feb,13:40,748.2,732.4,Hybrid,11,Winter
16-Feb,13:45,764.8,735.4,Hybrid,11,Winter
16-Feb,13:50,755.2,733.4,Hybrid,11,Winter
16-Feb,13:55,751.2,730.4,Hybrid,11,Winter
16-Feb,14:00,757,730.8,Hybrid,11,Winter
16-Feb,14:05,750.8,730,Hybrid,11,Winter
16-Feb,14:10,756,727.8,Hybrid,11,Winter
16-Feb,14:15,765,728.4,Hybrid,11,Winter
16-Feb,14:20,753.4,734.2,Hybrid,11,Winter
16-Feb,14:25,751.2,736,Hybrid,11,Winter
16-Feb,14:30,750.2,735.8,Hybrid,11,Winter
16-Feb,14:35,751.4,734.4,Hybrid,11,Winter
16-Feb,14:40,753,744.6,Hybrid,11,Winter
16-Feb,14:45,750.2,751.2,Hybrid,11,Winter
16-Feb,14:50,775.8,746,Hybrid,11,Winter
16-Feb,14:55,782,740.4,Hybrid,11,Winter
16-Feb,15:00,758.6,748.2,Hybrid,11,Winter
16-Feb,15:05,762.4,874.6,Hybrid,11,Winter
16-Feb,15:10,794.2,870.8,Hybrid,11,Winter
16-Feb,15:15,781.6,808.2,Hybrid,11,Winter
16-Feb,15:20,767.4,776.4,Hybrid,11,Winter
16-Feb,15:25,757.6,757.6,Hybrid,11,Winter
16-Feb,15:30,755.4,741.4,Hybrid,11,Winter
16-Feb,15:35,749.4,733,Hybrid,11,Winter
16-Feb,15:40,747.6,733.4,Hybrid,11,Winter
16-Feb,15:45,735,724.8,Hybrid,11,Winter
16-Feb,15:50,724.8,714,Hybrid,11,Winter
16-Feb,15:55,720.6,704.4,Hybrid,11,Winter
16-Feb,16:00,714,674.6,Hybrid,11,Winter
16-Feb,16:05,713,647.8,Hybrid,11,Winter
16-Feb,16:10,706,624.4,Hybrid,11,Winter
16-Feb,16:15,693.6,597.6,Hybrid,11,Winter
16-Feb,16:20,670.6,570.8,Hybrid,11,Winter
16-Feb,16:25,644.4,583.4,Hybrid,11,Winter
16-Feb,16:30,621,597.4,Hybrid,11,Winter
16-Feb,16:35,617.2,574.6,Hybrid,11,Winter
16-Feb,16:40,621.4,558,Hybrid,11,Winter
16-Feb,16:45,596.6,547,Hybrid,11,Winter
16-Feb,16:50,572.8,522.6,Hybrid,11,Winter
16-Feb,16:55,570,547,Hybrid,11,Winter
16-Feb,17:00,568,579.8,Hybrid,11,Winter
